DROP TABLE 	MEMBERS	CASCADE CONSTRAINTS;
DROP TABLE 	PAYMENT	CASCADE CONSTRAINTS;
DROP TABLE 	EMP_TITLE	CASCADE CONSTRAINTS;
DROP TABLE 	EMP_DEPT	CASCADE CONSTRAINTS;
DROP TABLE 	EMPLOYEE	CASCADE CONSTRAINTS;
DROP TABLE 	FUNC	CASCADE CONSTRAINTS;
DROP TABLE 	EMP_AUTH	CASCADE CONSTRAINTS;
DROP TABLE 	NEWS	CASCADE CONSTRAINTS;
DROP TABLE 	ROOM_TYPE	CASCADE CONSTRAINTS;
DROP TABLE 	ROOM_PIC	CASCADE CONSTRAINTS;
DROP TABLE 	BOOKING_ORDER	CASCADE CONSTRAINTS;
DROP TABLE 	BOOKING_DETAIL	CASCADE CONSTRAINTS;
DROP TABLE 	ROOM_RSV	CASCADE CONSTRAINTS;
DROP TABLE 	ROOMS	CASCADE CONSTRAINTS;
DROP TABLE 	CHOPPERS	CASCADE CONSTRAINTS;
DROP TABLE 	PICKUP	CASCADE CONSTRAINTS;
DROP TABLE 	SHOP_ORDER	CASCADE CONSTRAINTS;
DROP TABLE 	ITEM_TYPE	CASCADE CONSTRAINTS;
DROP TABLE 	ITEM	CASCADE CONSTRAINTS;
DROP TABLE 	ITEM_PICS	CASCADE CONSTRAINTS;
DROP TABLE 	SALE_EVENT	CASCADE CONSTRAINTS;
DROP TABLE 	SHOP_ORDER_DETAIL	CASCADE CONSTRAINTS;
DROP TABLE 	SALE_EVENT_LIST	CASCADE CONSTRAINTS;
DROP TABLE 	MEAL_ORDER	CASCADE CONSTRAINTS;
DROP TABLE 	MEAL_TYPE	CASCADE CONSTRAINTS;
DROP TABLE 	MEAL	CASCADE CONSTRAINTS;
DROP TABLE 	MEAL_ORDER_DETAIL	CASCADE CONSTRAINTS;
DROP TABLE 	ACT_TYPE	CASCADE CONSTRAINTS;
DROP TABLE 	ACT_EVENT	CASCADE CONSTRAINTS;
DROP TABLE 	ACT_PIC	CASCADE CONSTRAINTS;
DROP TABLE 	ACT	CASCADE CONSTRAINTS;
DROP TABLE 	ACT_ORDER	CASCADE CONSTRAINTS;
DROP TABLE 	SERVICE_TYPE	CASCADE CONSTRAINTS;
DROP TABLE 	SERVICES	CASCADE CONSTRAINTS;
DROP TABLE 	TIME_TABLE	CASCADE CONSTRAINTS;
DROP TABLE 	SERVICE_ORDER	CASCADE CONSTRAINTS;
--DROP SEQUENCE
DROP SEQUENCE ACTNO_SEQ;
DROP SEQUENCE ACTODNO_SEQ;
DROP SEQUENCE ACTPIC_SEQ;
DROP SEQUENCE BK_SEQ;
DROP SEQUENCE EMP_SEQ;
DROP SEQUENCE ITEM_SEQ;
DROP SEQUENCE MB_SEQ;
DROP SEQUENCE MEALNO_SEQ;
DROP SEQUENCE MEALODNO_SEQ;
DROP SEQUENCE SHOPODNO_SEQ;
DROP SEQUENCE ITEMPIC_SEQ;
DROP SEQUENCE PKUP_SEQ;
DROP SEQUENCE RMPIC_SEQ;
DROP SEQUENCE SALE_SEQ;
DROP SEQUENCE SERVODNO_SEQ;
DROP SEQUENCE PAYNO_SEQ;
DROP SEQUENCE CHOP_SEQ;
DROP SEQUENCE BKDT_SEQ;

---------------------------------------------------------------------------------------------------------------
--會員
CREATE TABLE MEMBERS(
    MB_ID           CHAR(10) CHECK (LENGTH(TRIM(MB_ID)) = 10) NOT NULL,
    MB_NAME         VARCHAR2(100) , 
    MB_EMAIL        VARCHAR2(100) ,
    MB_PWD          VARCHAR2(400) NOT NULL,
    MB_SALT          VARCHAR2(100),
    MB_BD           DATE,
    MB_PIC          BLOB, 
    MB_PHONE        VARCHAR2(20) ,
    MB_CITY         VARCHAR2(40),
    MB_TOWN         VARCHAR2(40),
    MB_ADDRESS      VARCHAR2(100),
    MB_STATUS       CHAR(1) DEFAULT '0' NOT NULL,
    CREATE_DATE     TIMESTAMP DEFAULT CURRENT_TIMESTAMP,
    MB_POINT        NUMBER(10) DEFAULT 0,
      
    CONSTRAINT PK_MBID PRIMARY KEY (MB_ID),
    CONSTRAINT MEMBERS_MB_EMAIL UNIQUE (MB_EMAIL)
);

---------------------------------------------------------------------------------------------------------------

--付款資訊
CREATE TABLE PAYMENT (
    PAY_NO          CHAR(10) CHECK (LENGTH(TRIM(PAY_NO)) = 10) NOT NULL,
    MB_ID           CHAR(10) NOT NULL,
    CARD_NO         VARCHAR2(30) NOT NULL,
    CARD_NAME       VARCHAR2(30) NOT NULL,
    EXP_MON         CHAR(2) NOT NULL,
    EXP_YEAR        CHAR(2) NOT NULL,
    CSC             VARCHAR2(4) NOT NULL,
    
    CONSTRAINT PK_PAYMENTINFO PRIMARY KEY (PAY_NO),
    CONSTRAINT FK_PAYMENTINFO_MBID FOREIGN KEY (MB_ID) REFERENCES MEMBERS(MB_ID)
);
---------------------------------------------------------------------------------------------------------------
--員工職稱
CREATE TABLE EMP_TITLE(
    TITLE_NO        CHAR(2) CHECK (LENGTH(TRIM(TITLE_NO)) = 2) NOT NULL,
    TITLE           VARCHAR2(20) NOT NULL,
    
    CONSTRAINT PK_TITLENO PRIMARY KEY (TITLE_NO)
);
---------------------------------------------------------------------------------------------------------------
--員工部門
CREATE TABLE EMP_DEPT(
    DEPT_NO        CHAR(2) CHECK (LENGTH(TRIM(DEPT_NO)) = 2) PRIMARY KEY NOT NULL,
    DEPT           VARCHAR2(20) NOT NULL
);
---------------------------------------------------------------------------------------------------------------

--員工
CREATE TABLE EMPLOYEE(
    EMP_ID          CHAR(10) CHECK (LENGTH(TRIM(EMP_ID)) = 10) NOT NULL,
    EMP_NAME        VARCHAR2(50) NOT NULL, 
    EMP_PWD         VARCHAR2(50) NOT NULL, 
    EMP_PIC         BLOB, 
    EMP_PHONE       VARCHAR2(20),
    EMP_EMAIL       VARCHAR2(100) NOT NULL,
    EMP_CITY        VARCHAR2(50),
    EMP_TOWN        VARCHAR2(50),
    EMP_ADDRESS     VARCHAR2(100),
    EMP_STATUS      CHAR(1) DEFAULT '0' NOT NULL,
    EMP_DATE        DATE DEFAULT CURRENT_TIMESTAMP,
    TITLE_NO        CHAR(2) NOT NULL,
    DEPT_NO         CHAR(2) NOT NULL,
    
    CONSTRAINT PK_EMPID PRIMARY KEY (EMP_ID),
    CONSTRAINT FK_EMP_TITLENO FOREIGN KEY (TITLE_NO) REFERENCES EMP_TITLE(TITLE_NO),
    CONSTRAINT FK_EMP_DEPTNO FOREIGN KEY (DEPT_NO) REFERENCES EMP_DEPT(DEPT_NO)
    
);
---------------------------------------------------------------------------------------------------------------
--功能權限
CREATE TABLE FUNC(
    FUNC_NO         CHAR(2) CHECK (LENGTH(TRIM(FUNC_NO)) = 2) NOT NULL,
    FUNC_NAME       VARCHAR2(20) NOT NULL,
    
    CONSTRAINT PK_FUNCNO PRIMARY KEY (FUNC_NO)
);
---------------------------------------------------------------------------------------------------------------
--員工權限
CREATE TABLE EMP_AUTH(
    EMP_ID          CHAR(10) NOT NULL,
    FUNC_NO         CHAR(2) NOT NULL,
    
    CONSTRAINT PK_EMPID_FUNNO PRIMARY KEY (EMP_ID, FUNC_NO),
    CONSTRAINT FK_EMPAUTH_EMPID FOREIGN KEY(EMP_ID) REFERENCES EMPLOYEE(EMP_ID),
    CONSTRAINT FK_EMPAUTH_FUNNO FOREIGN KEY (FUNC_NO) REFERENCES FUNC(FUNC_NO)
);
---------------------------------------------------------------------------------------------------------------
--最新消息
CREATE TABLE NEWS(
    NEWS_NO         CHAR(10) CHECK (LENGTH(TRIM(NEWS_NO)) = 10) NOT NULL,
    NEWS_CONTENT    CLOB NOT NULL,
    NEWS_TIME       TIMESTAMP DEFAULT CURRENT_TIMESTAMP,
    EMP_ID          CHAR(10)  NOT NULL,
    
    CONSTRAINT PK_NEWSNO PRIMARY KEY (NEWS_NO),
    CONSTRAINT FK_NEWS_EMPID FOREIGN KEY(EMP_ID) REFERENCES EMPLOYEE(EMP_ID)
);
-------------------------------------------------------------------
--客房類型
CREATE TABLE ROOM_TYPE (
    RM_TYPE         CHAR(1) NOT NULL,
    TYPE_NAME       VARCHAR2(20),
    TYPE_ENG_NAME   VARCHAR2(20),
    RM_QTY          NUMBER(2) DEFAULT '0' NOT NULL,
    RM_PRICE        NUMBER(10) CHECK (RM_PRICE >0),
    RM_CAPACITY     NUMBER(1),
    RM_INFO_TITLE   VARCHAR2(40),
    RM_INFO         CLOB,
    
    CONSTRAINT PK_RMTYPE PRIMARY KEY (RM_TYPE)
);
-----------------------------------------------------------------------
--客房相簿
CREATE TABLE ROOM_PIC (
    RM_PIC_NO       CHAR(6) NOT NULL,
    RM_TYPE         CHAR(1),
    RM_PIC          BLOB,
    
    CONSTRAINT PK_RMPICNO PRIMARY KEY (RM_PIC_NO),
    CONSTRAINT FK_ROOMPIC_RMTYPE FOREIGN KEY (RM_TYPE) REFERENCES ROOM_TYPE(RM_TYPE)
);

-----------------------------------------------------------------------
--訂房訂單
CREATE TABLE BOOKING_ORDER (
    BK_NO           CHAR(10) CHECK (LENGTH(TRIM(BK_NO)) = 10) NOT NULL,
    MB_ID           CHAR(10) NOT NULL,
    PKUP_NO         CHAR(10) CHECK (LENGTH(TRIM(PKUP_NO)) = 10),
    BK_DATE         TIMESTAMP DEFAULT CURRENT_TIMESTAMP,
    DATEIN          DATE NOT NULL,
    DATEOUT         DATE NOT NULL,
    CHECKIN         TIMESTAMP,
    CHECKOUT        TIMESTAMP,
    BK_STATUS       CHAR(1) DEFAULT '0' NOT NULL,
    TOTAL_PRICE     NUMBER(10) NOT NULL,
    
    CONSTRAINT PK_BKNO PRIMARY KEY (BK_NO),
    CONSTRAINT FK_MBID FOREIGN KEY (MB_ID) REFERENCES MEMBERS(MB_ID)
);

-----------------------------------------------------------------------
--訂房訂單細項
CREATE TABLE BOOKING_DETAIL (
    SEQ_NO          CHAR(10) NOT NULL,
    BK_NO           CHAR(10) NOT NULL,
    RM_TYPE         CHAR(1) NOT NULL,
    RM_SUBTOTAL        NUMBER(10) NOT NULL,
    RM_GUEST             NUMBER(2) NOT NULL,
    
    CONSTRAINT PK_SEQNO PRIMARY KEY (SEQ_NO),
    CONSTRAINT FK_BKDETAIL_BKNO FOREIGN KEY (BK_NO) REFERENCES BOOKING_ORDER(BK_NO),
    CONSTRAINT FK_BKDETAIL_RMTYPE FOREIGN KEY (RM_TYPE) REFERENCES ROOM_TYPE(RM_TYPE)
);
-----------------------------------------------------------------------
--房型預定表
CREATE TABLE ROOM_RSV (
    RSV_DATE        DATE NOT NULL,
    RM_TYPE         CHAR(1) NOT NULL,
    RM_LEFT         NUMBER(2) NOT NULL,
    
    CONSTRAINT PK_RSVDATE PRIMARY KEY (RSV_DATE, RM_TYPE),
    CONSTRAINT FK_RMRSV_RMTYPE FOREIGN KEY (RM_TYPE) REFERENCES ROOM_TYPE(RM_TYPE)
);
-----------------------------------------------------------------------
--客房
CREATE TABLE ROOMS (
    RM_NO           CHAR(3) CHECK (LENGTH(TRIM(RM_NO)) = 3) NOT NULL,
    RM_TYPE         CHAR(1) NOT NULL,
    RM_STATUS       CHAR(1) DEFAULT '0' NOT NULL,
    MB_ID           CHAR(10),
    
    CONSTRAINT PK_RMNO PRIMARY KEY (RM_NO),
    CONSTRAINT FK_RM_RMTYPE FOREIGN KEY (RM_TYPE) REFERENCES ROOM_TYPE(RM_TYPE),
    CONSTRAINT FK_RM_MBID FOREIGN KEY (MB_ID) REFERENCES MEMBERS(MB_ID)
);
-------------------------------------------------------------
--直升機 CHOPPER 
CREATE TABLE CHOPPERS (
    CHOP_NO         CHAR(2) CHECK (LENGTH(TRIM(CHOP_NO)) = 2) NOT NULL,
    CHOP_PIC        BLOB,
    CHOP_NAME       VARCHAR2(40) NOT NULL,
    CHOP_STATUS     CHAR(1) DEFAULT '0' NOT NULL,
    CHOP_PRICE      NUMBER(10,0) DEFAULT 0, 
    CHOP_INFO       CLOB,
    CONSTRAINT PK_CHOPNO PRIMARY KEY (CHOP_NO)
);
-------------------------------------------------------------
--接送預約表
CREATE TABLE PICKUP (
    PKUP_NO         CHAR(10) NOT NULL,
    BK_NO           CHAR(10) NOT NULL,
    CHOP_NO         CHAR(2) NOT NULL,
    PKUP_TIME       TIMESTAMP,
    ARRIVE_DATETIME DATE NOT NULL,
    PKUP_STATUS     CHAR(1) DEFAULT '0' NOT NULL,
    
    CONSTRAINT PK_PKUPNO PRIMARY KEY (PKUP_NO),
    CONSTRAINT FK_PICKUP_CHOPNO FOREIGN KEY (CHOP_NO) REFERENCES CHOPPERS(CHOP_NO),
    CONSTRAINT FK_PICKUP_BKNO FOREIGN KEY(BK_NO) REFERENCES BOOKING_ORDER(BK_NO)
);
-------------------------------------------------------------
--購物訂單
CREATE TABLE SHOP_ORDER(
    SP_ODNO         CHAR(15) CHECK (LENGTH(TRIM(SP_ODNO)) = 15) NOT NULL,
    MB_ID           CHAR(10) NOT NULL,
    SP_TIME         TIMESTAMP DEFAULT CURRENT_TIMESTAMP NOT NULL,
    SP_STATUS       CHAR(1) DEFAULT '0' NOT NULL,
    SP_DLVR         TIMESTAMP,
    TOTAL_PRICE     NUMBER(10) NOT NULL,
    POINTS_TOTAL    NUMBER(6),
    RM_NO           CHAR(3) NOT NULL,

    CONSTRAINT PK_SPODNO PRIMARY KEY (SP_ODNO),
    CONSTRAINT FK_SPOD_MBID FOREIGN KEY (MB_ID) REFERENCES MEMBERS(MB_ID),
    CONSTRAINT FK_SPOD_RMNO FOREIGN KEY (RM_NO) REFERENCES ROOMS(RM_NO)
);
-------------------------------------------------------------------
--商品種類
CREATE TABLE ITEM_TYPE(
    ITEM_TYPE_NO    CHAR(2) CHECK (LENGTH(TRIM(ITEM_TYPE_NO)) = 2) NOT NULL,
    TYPE_NAME       VARCHAR2(20) NOT NULL,
    
    CONSTRAINT PK_ITEMTYPENO PRIMARY KEY (ITEM_TYPE_NO)
);
-------------------------------------------------------------------
--商城商品
CREATE TABLE ITEM(
    ITEM_NO         CHAR(5) CHECK (LENGTH(TRIM(ITEM_NO)) = 5) NOT NULL,
    ITEM_NAME       VARCHAR2(200) NOT NULL,
    ITEM_TYPE_NO    CHAR(2) NOT NULL,
    ITEM_PRICE      NUMBER(10) CHECK (ITEM_PRICE > 0) NOT NULL,
    ITEM_RENEW      TIMESTAMP DEFAULT CURRENT_TIMESTAMP NOT NULL,
    ITEM_STATUS     CHAR(1) DEFAULT '0' NOT NULL,
    ITEM_ON_SALE    CHAR(1) DEFAULT '0' NOT NULL,
    ITEM_DETAIL     CLOB,
    POINTS          NUMBER(10) NOT NULL,
    
    CONSTRAINT PK_ITEMNO PRIMARY KEY (ITEM_NO),
    CONSTRAINT FK_ITEM_ITEMTYPENO FOREIGN KEY (ITEM_TYPE_NO) REFERENCES ITEM_TYPE(ITEM_TYPE_NO)
);
-------------------------------------------------------------------
--商品照片
CREATE TABLE ITEM_PICS (
    ITEM_PIC_NO     CHAR(5) CHECK (LENGTH(TRIM(ITEM_PIC_NO)) = 5) NOT NULL,
    ITEM_NO         CHAR(5) NOT NULL,
    ITEM_PIC        BLOB,
    
    CONSTRAINT PK_PICNO PRIMARY KEY (ITEM_PIC_NO),
    CONSTRAINT FK_ITEMPICS_ITEMNO FOREIGN KEY (ITEM_NO) REFERENCES ITEM(ITEM_NO)
);
---------------------------------------------------------------------
--促銷活動
CREATE TABLE SALE_EVENT(
    SALE_NO         CHAR(10) CHECK (LENGTH(TRIM(SALE_NO)) = 10) NOT NULL,
    SALE_START      DATE,
    SALE_END        DATE,
    SALE_STATUS     CHAR(1) DEFAULT '0' NOT NULL,
    
    CONSTRAINT PK_SALENO PRIMARY KEY(SALE_NO)
);
----------------------------------------------------------------------
--購物訂單細項
CREATE TABLE SHOP_ORDER_DETAIL(
    SP_ODNO         CHAR(15) NOT NULL,
    ITEM_NO         CHAR(5) NOT NULL,
    QTY             NUMBER(3) NOT NULL,
    SALE_DISCOUNT   NUMBER(3,2) DEFAULT 1.00 NOT NULL,
    ITEM_PRICE      NUMBER(10) NOT NULL,
    POINTS          NUMBER(6),

    CONSTRAINT PK_SPODNO_ITEMNO PRIMARY KEY (SP_ODNO, ITEM_NO),
    CONSTRAINT FK_SPOD_SPODNO FOREIGN KEY (SP_ODNO) REFERENCES SHOP_ORDER(SP_ODNO),
    CONSTRAINT FK_SPOD_ITEMNO FOREIGN KEY (ITEM_NO) REFERENCES ITEM (ITEM_NO)
);
-----------------------------------------------------------------------
--促銷活動細項
CREATE TABLE SALE_EVENT_LIST(
    SALE_NO         CHAR(10) NOT NULL,
    ITEM_NO         CHAR(5) NOT NULL,
    SALE_DISCOUNT   NUMBER(3,2) DEFAULT 1.00 NOT NULL,
    
    CONSTRAINT PK_SALENO_ITEMNO PRIMARY KEY (SALE_NO, ITEM_NO),
    CONSTRAINT FK_SA_SALENO FOREIGN KEY (SALE_NO) REFERENCES SALE_EVENT (SALE_NO),
    CONSTRAINT FK_SA_ITEMNO FOREIGN KEY (ITEM_NO) REFERENCES ITEM (ITEM_NO)
);
-----------------------------------------------------------------------
--餐點訂單
CREATE TABLE MEAL_ORDER(
  MEAL_ODNO         CHAR(10) CHECK (LENGTH(TRIM(MEAL_ODNO)) = 10) NOT NULL,
  MB_ID             CHAR(10) NOT NULL,
  RM_NO             CHAR(3) NOT NULL,
  OD_TIME           TIMESTAMP DEFAULT CURRENT_TIMESTAMP,
  TOTAL_PRICE       NUMBER(10) NOT NULL,
  OD_STATUS         CHAR(1) DEFAULT 0 NOT NULL,  

  CONSTRAINT PK_MEALODNO PRIMARY KEY (MEAL_ODNO),
  CONSTRAINT FK_MEALORDER_MBID FOREIGN KEY (MB_ID) REFERENCES MEMBERS(MB_ID),
  CONSTRAINT FK_MEALORDER_RMNO FOREIGN KEY (RM_NO) REFERENCES ROOMS(RM_NO)
);
-----------------------------------------------------------------------------------
--餐點類型
CREATE TABLE MEAL_TYPE(
  MEAL_TYPE_NO      CHAR(5) CHECK (LENGTH(TRIM(MEAL_TYPE_NO)) = 5) NOT NULL,
  TYPE_NAME         VARCHAR2(50) NOT NULL,
  
  CONSTRAINT PK_MEALTYPENO PRIMARY KEY (MEAL_TYPE_NO)
);
-----------------------------------------------------------------------------------
--餐點
CREATE TABLE MEAL(
  MEAL_NO           CHAR(5) CHECK (LENGTH(TRIM(MEAL_NO)) = 5) NOT NULL,
  MEAL_TYPE_NO      CHAR(5) NOT NULL,
  MEAL_NAME         VARCHAR2(100) NOT NULL,
  PRICE         NUMBER(10) NOT NULL,
  MEAL_PIC          BLOB,
  MEAL_INFO         CLOB,
  MAKING_TIME       NUMBER(2) NOT NULL,
  MEAL_STATUS       CHAR(1) DEFAULT '0' NOT NULL,
  
  CONSTRAINT PK_MEALNO PRIMARY KEY (MEAL_NO),
  CONSTRAINT FK_MEAL_MEALTYPE FOREIGN KEY (MEAL_TYPE_NO) REFERENCES MEAL_TYPE(MEAL_TYPE_NO)
);


-----------------------------------------------------------------------------------
--餐點訂單細項
CREATE TABLE MEAL_ORDER_DETAIL(
  MEAL_ODNO         CHAR(10) NOT NULL,
  MEAL_NO           CHAR(5) NOT NULL,
  PRICE             NUMBER(10) NOT NULL,
  QTY               NUMBER(2) NOT NULL,
  
  CONSTRAINT PK_MEALODNO_MEALNO PRIMARY KEY(MEAL_ODNO, MEAL_NO),
  CONSTRAINT FK_MEALORDERDETAIL_MEALODNO FOREIGN KEY (MEAL_ODNO) REFERENCES MEAL_ORDER(MEAL_ODNO),
  CONSTRAINT FK_MEALORDERDETAIL_MEALNO FOREIGN KEY (MEAL_NO) REFERENCES MEAL(MEAL_NO)
);
-------------------------------------------------------------
--活動類型
CREATE TABLE ACT_TYPE(
    ACT_TYPE_NO     CHAR(1) NOT NULL,
    ACT_TYPE_NAME   VARCHAR2(20) NOT NULL,
    
    CONSTRAINT PK_ACT_TYPE PRIMARY KEY(ACT_TYPE_NO) 
);
-------------------------------------------------------------
--活動項目
CREATE TABLE ACT_EVENT(
    ACT_EVENT_NO    CHAR(2) CHECK (LENGTH(TRIM(ACT_EVENT_NO)) = 2) NOT NULL,
    ACT_TYPE_NO     CHAR(1) NOT NULL, 
    ACT_EVENT_NAME  VARCHAR2(20) NOT NULL,
    ACT_INFO        CLOB,
    
    CONSTRAINT PK_ACTEVENT  PRIMARY KEY (ACT_EVENT_NO),
    CONSTRAINT FK_ACTEVENT_ACTTYPE FOREIGN KEY(ACT_TYPE_NO) REFERENCES ACT_TYPE(ACT_TYPE_NO)
);
-------------------------------------------------------------
--活動項目照片
CREATE TABLE ACT_PIC(
    ACT_PIC_NO      CHAR(5) CHECK (LENGTH(TRIM(ACT_PIC_NO)) = 5) NOT NULL,
    ACT_EVENT_NO    CHAR(2),
    ACT_PIC         BLOB,
    
    CONSTRAINT PK_ACTPICNO PRIMARY KEY(ACT_PIC_NO),
    CONSTRAINT FK_ACTPIC_ACTEVENTNO FOREIGN KEY (ACT_EVENT_NO) REFERENCES ACT_EVENT(ACT_EVENT_NO)
);
-------------------------------------------------------------
--活動計畫
CREATE TABLE ACT(
    ACT_NO          CHAR (10) CHECK (LENGTH(TRIM(ACT_NO)) = 10) NOT NULL,
    ACT_EVENT_NO    CHAR(2) NOT NULL,
    ACT_NAME        VARCHAR2(20) NOT NULL,
    ACT_STATUS      CHAR(1) DEFAULT '0' NOT NULL,
    ACT_REG_TIME    DATE NOT NULL,
    ACT_DATE        DATE NOT NULL,
    DEADLINE        DATE NOT NULL,
    ACT_TIME        CHAR(4) NOT NULL,
    PARTICIPANT     VARCHAR2(200) NOT NULL,
    ACT_PRICE       NUMBER(10) CHECK(ACT_PRICE > 0) NOT NULL,
    
    CONSTRAINT PK_ACTNO PRIMARY KEY (ACT_NO),
    CONSTRAINT FK_ACT_ACTEVENTNO FOREIGN KEY (ACT_EVENT_NO) REFERENCES ACT_EVENT(ACT_EVENT_NO)
);
-------------------------------------------------------------
--活動訂單
CREATE TABLE ACT_ORDER(
    ACT_ODNO        CHAR(15) CHECK (LENGTH(TRIM(ACT_ODNO)) = 15) NOT NULL,
    ACT_NO          CHAR(10), 
    MB_ID           CHAR(10), 
    OD_TIME         TIMESTAMP DEFAULT CURRENT_TIMESTAMP NOT NULL,
    OD_STATUS       CHAR(1) DEFAULT '0' NOT NULL,
    PPL             NUMBER(2) NOT NULL, 
    TOTAL_PRICE     NUMBER(10) NOT NULL,
    
    CONSTRAINT PK_ACTODNO PRIMARY KEY(ACT_ODNO),
    CONSTRAINT FK_ACTORDER_ACT FOREIGN KEY(ACT_NO) REFERENCES ACT(ACT_NO),
    CONSTRAINT FK_ACTORDER_MEMBERS FOREIGN KEY (MB_ID) REFERENCES MEMBERS(MB_ID)
);
-------------------------------------------------------------
-- 服務類型
CREATE TABLE SERVICE_TYPE (
    SERV_TYPE_NO    CHAR(1) NOT NULL,
    SERV_TYPE_NAME  VARCHAR2(20) NOT NULL,
    
    CONSTRAINT PK_SERV_TYPE_NO PRIMARY KEY (SERV_TYPE_NO)
);
-------------------------------------------------------------
--服務項目
CREATE TABLE SERVICES (
   SERV_NO          CHAR(3) CHECK (LENGTH(TRIM(SERV_NO)) = 3) NOT NULL,
   SERV_TYPE_NO     CHAR(1) NOT NULL,
   SERV_STATUS      CHAR(1) NOT NULL,
   SERV_PRICE       NUMBER(5) NOT NULL,
   SERV_PIC         BLOB,
   SERV_INFO        CLOB,
   SERV_NAME        VARCHAR2(20) NOT NULL,
   SERV_DURA        NUMBER(1) NOT NULL,
   SERV_PPL         NUMBER(2) NOT NULL,
   
   CONSTRAINT PK_SERV_NO PRIMARY KEY(SERV_NO),
   CONSTRAINT FK_SERV_TYPENO FOREIGN KEY(SERV_TYPE_NO) REFERENCES SERVICE_TYPE(SERV_TYPE_NO)
);
-------------------------------------------------------------
--服務訂單
CREATE TABLE SERVICE_ORDER (
   SERV_ODNO        CHAR(10) CHECK (LENGTH(TRIM(SERV_ODNO)) = 10) NOT NULL,
   MB_ID            CHAR(10) NOT NULL, 
   OD_TIME          TIMESTAMP DEFAULT CURRENT_TIMESTAMP NOT NULL,
   OD_STATUS        CHAR(1) NOT NULL,
   RM_NO            CHAR(3), 
   SERV_NO          CHAR(3) NOT NULL,
   SERV_TIME        TIMESTAMP NOT NULL,
   SERV_COUNT       NUMBER(1) NOT NULL,
   TOTAL_PRICE      NUMBER(10) NOT NULL,
   
   CONSTRAINT PK_SERV_ODNO PRIMARY KEY (SERV_ODNO),
   CONSTRAINT FK_MB_ID FOREIGN KEY (MB_ID) REFERENCES MEMBERS(MB_ID),
   CONSTRAINT FK_RM_NO FOREIGN KEY (RM_NO) REFERENCES ROOMS(RM_NO),
   CONSTRAINT FK_SERV_NO FOREIGN KEY (SERV_NO) REFERENCES SERVICES(SERV_NO)
);
-------------------------------------------------------------
--服務時段表
CREATE TABLE TIME_TABLE (
   SERV_PERIOD      NUMBER(2) NOT NULL,
   SERV_NO          CHAR(3) NOT NULL,
   MAX_SERV_PPL     NUMBER(1) NOT NULL,
   
   CONSTRAINT PK_SERVPERIOD_SERVNO PRIMARY KEY (SERV_PERIOD, SERV_NO),
   CONSTRAINT FK_TIMETABLE_SERVNO FOREIGN KEY (SERV_NO) REFERENCES SERVICES(SERV_NO)
);
-------------------------------------------------------------

ALTER SESSION SET NLS_DATE_FORMAT='yyyy-mm-dd';
ALTER SESSION SET NLS_TIMESTAMP_FORMAT = 'yyyy-mm-dd hh24:mi:ss';

--BK_NO為年月日＋SEQ組合(For Booking Order)
CREATE SEQUENCE BK_SEQ
    INCREMENT BY 1
    START WITH 1
    NOMAXVALUE
    NOCYCLE;

--房間照片自動編號(For RM_PIC_NO) 
CREATE SEQUENCE RMPIC_SEQ
    INCREMENT BY 1
    START WITH 1
    NOMAXVALUE
    NOCYCLE;
    
--接送單號自動遞增(For PICKUP)
CREATE SEQUENCE PKUP_SEQ
    INCREMENT BY 1
    START WITH 1
    NOMAXVALUE
    NOCYCLE;
    
--會員自動編號(for Members)
CREATE SEQUENCE MB_SEQ
    INCREMENT BY 1
    START WITH 1
    NOMAXVALUE
    NOCYCLE;
--付款資訊自動編號(for PAYNO)
CREATE SEQUENCE PAYNO_SEQ
    INCREMENT BY 1
    START WITH 1
    NOMAXVALUE
    NOCYCLE;
--訂房細項自動編號(for BOOKING DETAIL)
CREATE SEQUENCE BKDT_SEQ
    INCREMENT BY 1
    START WITH 1
    MAXVALUE 999999
    NOCYCLE;
--員工自動編號(for Employee)
CREATE SEQUENCE EMP_SEQ
    INCREMENT BY 1
    START WITH 1
    NOMAXVALUE
    NOCYCLE;
    
--服務訂單編號自動遞增(For SERVICE_ORDER)
CREATE SEQUENCE SERVODNO_SEQ
    INCREMENT BY 1
    START WITH 1
    NOMAXVALUE
    NOCYCLE;
    
--餐點訂單自動編號(For MEAL_ORDER)
CREATE SEQUENCE MEALODNO_SEQ
    INCREMENT BY 1
    START WITH 1
    NOMAXVALUE
    NOCYCLE;

--餐點自動編號(For MEAL)
CREATE SEQUENCE MEALNO_SEQ
    INCREMENT BY 1
    START WITH 1
    NOMAXVALUE
    NOCYCLE;
--SP_ODNO為年月日+SEQ組合(訂單編號)FOR SHOP_ORDER
CREATE SEQUENCE SHOPODNO_SEQ
	INCREMENT BY 1	
	START WITH 1
	NOCYCLE
  	NOMAXVALUE
  	NOCACHE;

--ITEM_NO(商品編號)FOR ITEM
CREATE SEQUENCE ITEM_SEQ
	INCREMENT BY 1	
	START WITH 1
	NOCYCLE
  	NOMAXVALUE
  	NOCACHE;

--ITEM_PIC_NO(商品照片編號)FOR ITEM_PICS
CREATE SEQUENCE ITEMPIC_SEQ
	INCREMENT BY 1	
	START WITH 1
	NOCYCLE
  	NOMAXVALUE
  	NOCACHE;

--SALE_NO(促銷活動編號)FOR SALE_EVENT_LIST
CREATE SEQUENCE SALE_SEQ
	INCREMENT BY 1	
	START WITH 1
	CYCLE
  	MAXVALUE 99
  	NOCACHE;
    
--活動訂單編號自動遞增(For  ACT_ORDER)
CREATE SEQUENCE ACTODNO_SEQ
    INCREMENT BY 1
    START WITH 1
    NOMAXVALUE
    NOCYCLE;

--活動照片編號自動遞增(For  ACT_PIC)
CREATE SEQUENCE ACTPIC_SEQ
    INCREMENT BY 1
    START WITH 1
    NOMAXVALUE
    NOCYCLE;

--活動計畫編號自動遞增(For  ACT)
CREATE SEQUENCE ACTNO_SEQ
    INCREMENT BY 1
    START WITH 1
    NOMAXVALUE
    NOCYCLE;
--
--直升機編號自動遞增(Chop_no)
CREATE SEQUENCE CHOP_SEQ
    INCREMENT BY 1
    START WITH 1
    NOMAXVALUE
    NOCYCLE;
--
CREATE OR REPLACE TRIGGER item_renew_timStmp
  BEFORE INSERT OR UPDATE ON ITEM 
  FOR EACH ROW
  BEGIN
  :NEW.ITEM_RENEW:= CURRENT_TIMESTAMP;
  END;    
    /
-------------------------------------------------------------
SELECT 'DROP TABLE ', TABLE_NAME, 'CASCADE CONSTRAINTS;' FROM USER_TABLES;

--會員
Insert into MEMBERS (MB_ID,MB_NAME,MB_PWD,MB_SALT,MB_BD,MB_PHONE,MB_EMAIL,MB_CITY,MB_TOWN,MB_ADDRESS,MB_STATUS,CREATE_DATE,MB_POINT) values ('MEM'||LPAD(TO_CHAR(MB_SEQ.NEXTVAL), 7, '0'),'三上悠亞','310e1c15a336d5b63eedfb807cb8e96818e1ad03646c2467a9cab6972409f3d2','ZwhxxfkGEVd7eYlgeheK5Q==',to_date('16-AUG-93','DD-MON-RR'),'520520520','YuaMikami520@gmail.com','11','22','33','1',to_timestamp('20-DEC-20 12.12.25.385441000 PM','DD-MON-RR HH.MI.SSXFF AM'),0);
Insert into MEMBERS (MB_ID,MB_NAME,MB_PWD,MB_SALT,MB_BD,MB_PHONE,MB_EMAIL,MB_CITY,MB_TOWN,MB_ADDRESS,MB_STATUS,CREATE_DATE,MB_POINT) values ('MEM'||LPAD(TO_CHAR(MB_SEQ.NEXTVAL), 7, '0'),'沈惠玲','310e1c15a336d5b63eedfb807cb8e96818e1ad03646c2467a9cab6972409f3d2','ZwhxxfkGEVd7eYlgeheK5Q==',to_date('20-NOV-89','DD-MON-RR'),null,'member2@gmail.com',null,null,null,'1',to_timestamp('20-DEC-20 12.12.25.395083000 PM','DD-MON-RR HH.MI.SSXFF AM'),0);
Insert into MEMBERS (MB_ID,MB_NAME,MB_PWD,MB_SALT,MB_BD,MB_PHONE,MB_EMAIL,MB_CITY,MB_TOWN,MB_ADDRESS,MB_STATUS,CREATE_DATE,MB_POINT) values ('MEM'||LPAD(TO_CHAR(MB_SEQ.NEXTVAL), 7, '0'),'Conna Andrew','310e1c15a336d5b63eedfb807cb8e96818e1ad03646c2467a9cab6972409f3d2','ZwhxxfkGEVd7eYlgeheK5Q==',to_date('20-DEC-21','DD-MON-RR'),null,'member3@gmail.com',null,null,null,'1',to_timestamp('20-DEC-20 12.12.25.402960000 PM','DD-MON-RR HH.MI.SSXFF AM'),0);
Insert into MEMBERS (MB_ID,MB_NAME,MB_PWD,MB_SALT,MB_BD,MB_PHONE,MB_EMAIL,MB_CITY,MB_TOWN,MB_ADDRESS,MB_STATUS,CREATE_DATE,MB_POINT) values ('MEM'||LPAD(TO_CHAR(MB_SEQ.NEXTVAL), 7, '0'),'許堅臻','310e1c15a336d5b63eedfb807cb8e96818e1ad03646c2467a9cab6972409f3d2','ZwhxxfkGEVd7eYlgeheK5Q==',to_date('20-FEB-00','DD-MON-RR'),null,'member4@gmail.com',null,null,null,'1',to_timestamp('20-DEC-20 12.12.25.411344000 PM','DD-MON-RR HH.MI.SSXFF AM'),0);
Insert into MEMBERS (MB_ID,MB_NAME,MB_PWD,MB_SALT,MB_BD,MB_PHONE,MB_EMAIL,MB_CITY,MB_TOWN,MB_ADDRESS,MB_STATUS,CREATE_DATE,MB_POINT) values ('MEM'||LPAD(TO_CHAR(MB_SEQ.NEXTVAL), 7, '0'),'黃佩芳','310e1c15a336d5b63eedfb807cb8e96818e1ad03646c2467a9cab6972409f3d2','ZwhxxfkGEVd7eYlgeheK5Q==',to_date('22-MAY-99','DD-MON-RR'),null,'member5@gmail.com',null,null,null,'1',to_timestamp('20-DEC-20 12.12.25.419227000 PM','DD-MON-RR HH.MI.SSXFF AM'),0);
Insert into MEMBERS (MB_ID,MB_NAME,MB_PWD,MB_SALT,MB_BD,MB_PHONE,MB_EMAIL,MB_CITY,MB_TOWN,MB_ADDRESS,MB_STATUS,CREATE_DATE,MB_POINT) values ('MEM'||LPAD(TO_CHAR(MB_SEQ.NEXTVAL), 7, '0'),'Stephanie Reynolds','310e1c15a336d5b63eedfb807cb8e96818e1ad03646c2467a9cab6972409f3d2','ZwhxxfkGEVd7eYlgeheK5Q==',to_date('18-MAR-68','DD-MON-RR'),null,'member6@gmail.com',null,null,null,'1',to_timestamp('20-DEC-20 12.12.25.427030000 PM','DD-MON-RR HH.MI.SSXFF AM'),0);
Insert into MEMBERS (MB_ID,MB_NAME,MB_PWD,MB_SALT,MB_BD,MB_PHONE,MB_EMAIL,MB_CITY,MB_TOWN,MB_ADDRESS,MB_STATUS,CREATE_DATE,MB_POINT) values ('MEM'||LPAD(TO_CHAR(MB_SEQ.NEXTVAL), 7, '0'),'Antoine Redman','310e1c15a336d5b63eedfb807cb8e96818e1ad03646c2467a9cab6972409f3d2','ZwhxxfkGEVd7eYlgeheK5Q==',to_date('20-NOV-89','DD-MON-RR'),null,'member7@gmail.com',null,null,null,'1',to_timestamp('20-DEC-20 12.12.25.435751000 PM','DD-MON-RR HH.MI.SSXFF AM'),0);
Insert into MEMBERS (MB_ID,MB_NAME,MB_PWD,MB_SALT,MB_BD,MB_PHONE,MB_EMAIL,MB_CITY,MB_TOWN,MB_ADDRESS,MB_STATUS,CREATE_DATE,MB_POINT) values ('MEM'||LPAD(TO_CHAR(MB_SEQ.NEXTVAL), 7, '0'),'Brandy','310e1c15a336d5b63eedfb807cb8e96818e1ad03646c2467a9cab6972409f3d2','ZwhxxfkGEVd7eYlgeheK5Q==',to_date('20-FEB-80','DD-MON-RR'),null,'member8@gmail.com',null,null,null,'1',to_timestamp('20-DEC-20 12.12.25.442893000 PM','DD-MON-RR HH.MI.SSXFF AM'),0);
Insert into MEMBERS (MB_ID,MB_NAME,MB_PWD,MB_SALT,MB_BD,MB_PHONE,MB_EMAIL,MB_CITY,MB_TOWN,MB_ADDRESS,MB_STATUS,CREATE_DATE,MB_POINT) values ('MEM'||LPAD(TO_CHAR(MB_SEQ.NEXTVAL), 7, '0'),'韓鈺雯','310e1c15a336d5b63eedfb807cb8e96818e1ad03646c2467a9cab6972409f3d2','ZwhxxfkGEVd7eYlgeheK5Q==',to_date('19-SEP-99','DD-MON-RR'),null,'member9@gmail.com',null,null,null,'1',to_timestamp('20-DEC-20 12.12.25.451146000 PM','DD-MON-RR HH.MI.SSXFF AM'),0);
Insert into MEMBERS (MB_ID,MB_NAME,MB_PWD,MB_SALT,MB_BD,MB_PHONE,MB_EMAIL,MB_CITY,MB_TOWN,MB_ADDRESS,MB_STATUS,CREATE_DATE,MB_POINT) values ('MEM'||LPAD(TO_CHAR(MB_SEQ.NEXTVAL), 7, '0'),'陳世昌','310e1c15a336d5b63eedfb807cb8e96818e1ad03646c2467a9cab6972409f3d2','ZwhxxfkGEVd7eYlgeheK5Q==',to_date('01-JAN-00','DD-MON-RR'),null,'member10@gmail.com',null,null,null,'1',to_timestamp('20-DEC-20 12.12.25.459444000 PM','DD-MON-RR HH.MI.SSXFF AM'),0);
Insert into MEMBERS (MB_ID,MB_NAME,MB_PWD,MB_SALT,MB_BD,MB_PHONE,MB_EMAIL,MB_CITY,MB_TOWN,MB_ADDRESS,MB_STATUS,CREATE_DATE,MB_POINT) values ('MEM'||LPAD(TO_CHAR(MB_SEQ.NEXTVAL), 7, '0'),'Arya Markham','310e1c15a336d5b63eedfb807cb8e96818e1ad03646c2467a9cab6972409f3d2','ZwhxxfkGEVd7eYlgeheK5Q==',to_date('20-DEC-87','DD-MON-RR'),null,'member11@gmail.com',null,null,null,'1',to_timestamp('20-DEC-20 12.12.25.467073000 PM','DD-MON-RR HH.MI.SSXFF AM'),0);
Insert into MEMBERS (MB_ID,MB_NAME,MB_PWD,MB_SALT,MB_BD,MB_PHONE,MB_EMAIL,MB_CITY,MB_TOWN,MB_ADDRESS,MB_STATUS,CREATE_DATE,MB_POINT) values ('MEM'||LPAD(TO_CHAR(MB_SEQ.NEXTVAL), 7, '0'),'林家安','310e1c15a336d5b63eedfb807cb8e96818e1ad03646c2467a9cab6972409f3d2','ZwhxxfkGEVd7eYlgeheK5Q==',to_date('20-FEB-22','DD-MON-RR'),null,'member12@gmail.com',null,null,null,'1',to_timestamp('20-DEC-20 12.12.25.476810000 PM','DD-MON-RR HH.MI.SSXFF AM'),0);
Insert into MEMBERS (MB_ID,MB_NAME,MB_PWD,MB_SALT,MB_BD,MB_PHONE,MB_EMAIL,MB_CITY,MB_TOWN,MB_ADDRESS,MB_STATUS,CREATE_DATE,MB_POINT) values ('MEM'||LPAD(TO_CHAR(MB_SEQ.NEXTVAL), 7, '0'),'Jaydon Dunkley','310e1c15a336d5b63eedfb807cb8e96818e1ad03646c2467a9cab6972409f3d2','ZwhxxfkGEVd7eYlgeheK5Q==',to_date('20-JAN-89','DD-MON-RR'),null,'member13@gmail.com',null,null,null,'1',to_timestamp('20-DEC-20 12.12.25.485381000 PM','DD-MON-RR HH.MI.SSXFF AM'),0);
Insert into MEMBERS (MB_ID,MB_NAME,MB_PWD,MB_SALT,MB_BD,MB_PHONE,MB_EMAIL,MB_CITY,MB_TOWN,MB_ADDRESS,MB_STATUS,CREATE_DATE,MB_POINT) values ('MEM'||LPAD(TO_CHAR(MB_SEQ.NEXTVAL), 7, '0'),'葉宜婷','310e1c15a336d5b63eedfb807cb8e96818e1ad03646c2467a9cab6972409f3d2','ZwhxxfkGEVd7eYlgeheK5Q==',to_date('19-DEC-99','DD-MON-RR'),null,'member14@gmail.com',null,null,null,'1',to_timestamp('20-DEC-20 12.12.25.492760000 PM','DD-MON-RR HH.MI.SSXFF AM'),0);
Insert into MEMBERS (MB_ID,MB_NAME,MB_PWD,MB_SALT,MB_BD,MB_PHONE,MB_EMAIL,MB_CITY,MB_TOWN,MB_ADDRESS,MB_STATUS,CREATE_DATE,MB_POINT) values ('MEM'||LPAD(TO_CHAR(MB_SEQ.NEXTVAL), 7, '0'),'車佩樺','310e1c15a336d5b63eedfb807cb8e96818e1ad03646c2467a9cab6972409f3d2','ZwhxxfkGEVd7eYlgeheK5Q==',to_date('20-NOV-89','DD-MON-RR'),null,'member15@gmail.com',null,null,null,'1',to_timestamp('20-DEC-20 12.12.25.500460000 PM','DD-MON-RR HH.MI.SSXFF AM'),0);
Insert into MEMBERS (MB_ID,MB_NAME,MB_PWD,MB_SALT,MB_BD,MB_PHONE,MB_EMAIL,MB_CITY,MB_TOWN,MB_ADDRESS,MB_STATUS,CREATE_DATE,MB_POINT) values ('MEM'||LPAD(TO_CHAR(MB_SEQ.NEXTVAL), 7, '0'),'許哲堅','310e1c15a336d5b63eedfb807cb8e96818e1ad03646c2467a9cab6972409f3d2','ZwhxxfkGEVd7eYlgeheK5Q==',to_date('22-APR-65','DD-MON-RR'),null,'member16@gmail.com',null,null,null,'1',to_timestamp('20-DEC-20 12.12.25.508330000 PM','DD-MON-RR HH.MI.SSXFF AM'),0);
Insert into MEMBERS (MB_ID,MB_NAME,MB_PWD,MB_SALT,MB_BD,MB_PHONE,MB_EMAIL,MB_CITY,MB_TOWN,MB_ADDRESS,MB_STATUS,CREATE_DATE,MB_POINT) values ('MEM'||LPAD(TO_CHAR(MB_SEQ.NEXTVAL), 7, '0'),'賴希琦','310e1c15a336d5b63eedfb807cb8e96818e1ad03646c2467a9cab6972409f3d2','ZwhxxfkGEVd7eYlgeheK5Q==',to_date('08-NOV-02','DD-MON-RR'),null,'member17@gmail.com',null,null,null,'1',to_timestamp('20-DEC-20 12.12.25.514572000 PM','DD-MON-RR HH.MI.SSXFF AM'),0);
Insert into MEMBERS (MB_ID,MB_NAME,MB_PWD,MB_SALT,MB_BD,MB_PHONE,MB_EMAIL,MB_CITY,MB_TOWN,MB_ADDRESS,MB_STATUS,CREATE_DATE,MB_POINT) values ('MEM'||LPAD(TO_CHAR(MB_SEQ.NEXTVAL), 7, '0'),'Cleo Knowles','310e1c15a336d5b63eedfb807cb8e96818e1ad03646c2467a9cab6972409f3d2','ZwhxxfkGEVd7eYlgeheK5Q==',to_date('20-APR-82','DD-MON-RR'),null,'member18@gmail.com',null,null,null,'1',to_timestamp('20-DEC-20 12.12.25.521628000 PM','DD-MON-RR HH.MI.SSXFF AM'),0);
Insert into MEMBERS (MB_ID,MB_NAME,MB_PWD,MB_SALT,MB_BD,MB_PHONE,MB_EMAIL,MB_CITY,MB_TOWN,MB_ADDRESS,MB_STATUS,CREATE_DATE,MB_POINT) values ('MEM'||LPAD(TO_CHAR(MB_SEQ.NEXTVAL), 7, '0'),'Dustin Lambert','310e1c15a336d5b63eedfb807cb8e96818e1ad03646c2467a9cab6972409f3d2','ZwhxxfkGEVd7eYlgeheK5Q==',to_date('20-JUL-21','DD-MON-RR'),null,'member19@gmail.com',null,null,null,'1',to_timestamp('20-DEC-20 12.12.25.530314000 PM','DD-MON-RR HH.MI.SSXFF AM'),0);
Insert into MEMBERS (MB_ID,MB_NAME,MB_PWD,MB_SALT,MB_BD,MB_PHONE,MB_EMAIL,MB_CITY,MB_TOWN,MB_ADDRESS,MB_STATUS,CREATE_DATE,MB_POINT) values ('MEM'||LPAD(TO_CHAR(MB_SEQ.NEXTVAL), 7, '0'),'鄧育如','310e1c15a336d5b63eedfb807cb8e96818e1ad03646c2467a9cab6972409f3d2','ZwhxxfkGEVd7eYlgeheK5Q==',to_date('20-MAR-20','DD-MON-RR'),null,'member20@gmail.com',null,null,null,'1',to_timestamp('20-DEC-20 12.12.25.538643000 PM','DD-MON-RR HH.MI.SSXFF AM'),0);
Insert into MEMBERS (MB_ID,MB_NAME,MB_PWD,MB_SALT,MB_BD,MB_PHONE,MB_EMAIL,MB_CITY,MB_TOWN,MB_ADDRESS,MB_STATUS,CREATE_DATE,MB_POINT) values ('MEM'||LPAD(TO_CHAR(MB_SEQ.NEXTVAL), 7, '0'),'黃信宏','310e1c15a336d5b63eedfb807cb8e96818e1ad03646c2467a9cab6972409f3d2','ZwhxxfkGEVd7eYlgeheK5Q==',to_date('21-MAY-89','DD-MON-RR'),null,'member21@gmail.com',null,null,null,'1',to_timestamp('20-DEC-20 12.12.25.546336000 PM','DD-MON-RR HH.MI.SSXFF AM'),0);
Insert into MEMBERS (MB_ID,MB_NAME,MB_PWD,MB_SALT,MB_BD,MB_PHONE,MB_EMAIL,MB_CITY,MB_TOWN,MB_ADDRESS,MB_STATUS,CREATE_DATE,MB_POINT) values ('MEM'||LPAD(TO_CHAR(MB_SEQ.NEXTVAL), 7, '0'),'賴書瑋','310e1c15a336d5b63eedfb807cb8e96818e1ad03646c2467a9cab6972409f3d2','ZwhxxfkGEVd7eYlgeheK5Q==',to_date('20-JAN-21','DD-MON-RR'),null,'member22@gmail.com',null,null,null,'1',to_timestamp('20-DEC-20 12.12.25.553544000 PM','DD-MON-RR HH.MI.SSXFF AM'),0);
Insert into MEMBERS (MB_ID,MB_NAME,MB_PWD,MB_SALT,MB_BD,MB_PHONE,MB_EMAIL,MB_CITY,MB_TOWN,MB_ADDRESS,MB_STATUS,CREATE_DATE,MB_POINT) values ('MEM'||LPAD(TO_CHAR(MB_SEQ.NEXTVAL), 7, '0'),'David 吳','310e1c15a336d5b63eedfb807cb8e96818e1ad03646c2467a9cab6972409f3d2','ZwhxxfkGEVd7eYlgeheK5Q==',to_date('09-SEP-99','DD-MON-RR'),null,'member23@gmail.com',null,null,null,'1',to_timestamp('20-DEC-20 12.12.25.560343000 PM','DD-MON-RR HH.MI.SSXFF AM'),0);
Insert into MEMBERS (MB_ID,MB_NAME,MB_PWD,MB_SALT,MB_BD,MB_PHONE,MB_EMAIL,MB_CITY,MB_TOWN,MB_ADDRESS,MB_STATUS,CREATE_DATE,MB_POINT) values ('MEM'||LPAD(TO_CHAR(MB_SEQ.NEXTVAL), 7, '0'),'王至帆','310e1c15a336d5b63eedfb807cb8e96818e1ad03646c2467a9cab6972409f3d2','ZwhxxfkGEVd7eYlgeheK5Q==',to_date('20-JAN-21','DD-MON-RR'),null,'member24@gmail.com',null,null,null,'1',to_timestamp('20-DEC-20 12.12.25.567626000 PM','DD-MON-RR HH.MI.SSXFF AM'),0);
Insert into MEMBERS (MB_ID,MB_NAME,MB_PWD,MB_SALT,MB_BD,MB_PHONE,MB_EMAIL,MB_CITY,MB_TOWN,MB_ADDRESS,MB_STATUS,CREATE_DATE,MB_POINT) values ('MEM'||LPAD(TO_CHAR(MB_SEQ.NEXTVAL), 7, '0'),'Ayaan Robertson','310e1c15a336d5b63eedfb807cb8e96818e1ad03646c2467a9cab6972409f3d2','ZwhxxfkGEVd7eYlgeheK5Q==',to_date('20-JAN-21','DD-MON-RR'),null,'member25@gmail.com',null,null,null,'1',to_timestamp('20-DEC-20 12.12.25.577791000 PM','DD-MON-RR HH.MI.SSXFF AM'),0);
Insert into MEMBERS (MB_ID,MB_NAME,MB_PWD,MB_SALT,MB_BD,MB_PHONE,MB_EMAIL,MB_CITY,MB_TOWN,MB_ADDRESS,MB_STATUS,CREATE_DATE,MB_POINT) values ('MEM'||LPAD(TO_CHAR(MB_SEQ.NEXTVAL), 7, '0'),'Eli Oconnor','310e1c15a336d5b63eedfb807cb8e96818e1ad03646c2467a9cab6972409f3d2','ZwhxxfkGEVd7eYlgeheK5Q==',to_date('20-JAN-31','DD-MON-RR'),null,'member26@gmail.com',null,null,null,'1',to_timestamp('20-DEC-20 12.12.25.585463000 PM','DD-MON-RR HH.MI.SSXFF AM'),0);
Insert into MEMBERS (MB_ID,MB_NAME,MB_PWD,MB_SALT,MB_BD,MB_PHONE,MB_EMAIL,MB_CITY,MB_TOWN,MB_ADDRESS,MB_STATUS,CREATE_DATE,MB_POINT) values ('MEM'||LPAD(TO_CHAR(MB_SEQ.NEXTVAL), 7, '0'),'Mina Rush','310e1c15a336d5b63eedfb807cb8e96818e1ad03646c2467a9cab6972409f3d2','ZwhxxfkGEVd7eYlgeheK5Q==',to_date('20-JAN-34','DD-MON-RR'),null,'member27@gmail.com',null,null,null,'1',to_timestamp('20-DEC-20 12.12.25.593138000 PM','DD-MON-RR HH.MI.SSXFF AM'),0);
Insert into MEMBERS (MB_ID,MB_NAME,MB_PWD,MB_SALT,MB_BD,MB_PHONE,MB_EMAIL,MB_CITY,MB_TOWN,MB_ADDRESS,MB_STATUS,CREATE_DATE,MB_POINT) values ('MEM'||LPAD(TO_CHAR(MB_SEQ.NEXTVAL), 7, '0'),'Chay Griffiths','310e1c15a336d5b63eedfb807cb8e96818e1ad03646c2467a9cab6972409f3d2','ZwhxxfkGEVd7eYlgeheK5Q==',to_date('20-JAN-01','DD-MON-RR'),null,'member28@gmail.com',null,null,null,'1',to_timestamp('20-DEC-20 12.12.25.607217000 PM','DD-MON-RR HH.MI.SSXFF AM'),0);
Insert into MEMBERS (MB_ID,MB_NAME,MB_PWD,MB_SALT,MB_BD,MB_PHONE,MB_EMAIL,MB_CITY,MB_TOWN,MB_ADDRESS,MB_STATUS,CREATE_DATE,MB_POINT) values ('MEM'||LPAD(TO_CHAR(MB_SEQ.NEXTVAL), 7, '0'),'Rudi Dickens','310e1c15a336d5b63eedfb807cb8e96818e1ad03646c2467a9cab6972409f3d2','ZwhxxfkGEVd7eYlgeheK5Q==',to_date('20-APR-10','DD-MON-RR'),null,'member29@gmail.com',null,null,null,'1',to_timestamp('20-DEC-20 12.12.25.615801000 PM','DD-MON-RR HH.MI.SSXFF AM'),0);
Insert into MEMBERS (MB_ID,MB_NAME,MB_PWD,MB_SALT,MB_BD,MB_PHONE,MB_EMAIL,MB_CITY,MB_TOWN,MB_ADDRESS,MB_STATUS,CREATE_DATE,MB_POINT) values ('MEM'||LPAD(TO_CHAR(MB_SEQ.NEXTVAL), 7, '0'),'顧念筠','310e1c15a336d5b63eedfb807cb8e96818e1ad03646c2467a9cab6972409f3d2','ZwhxxfkGEVd7eYlgeheK5Q==',to_date('14-JUL-91','DD-MON-RR'),null,'member30@gmail.com',null,null,null,'1',to_timestamp('20-DEC-20 12.12.25.622951000 PM','DD-MON-RR HH.MI.SSXFF AM'),0);
Insert into MEMBERS (MB_ID,MB_NAME,MB_PWD,MB_SALT,MB_BD,MB_PHONE,MB_EMAIL,MB_CITY,MB_TOWN,MB_ADDRESS,MB_STATUS,CREATE_DATE,MB_POINT) values ('MEM'||LPAD(TO_CHAR(MB_SEQ.NEXTVAL), 7, '0'),'令狐沖','310e1c15a336d5b63eedfb807cb8e96818e1ad03646c2467a9cab6972409f3d2','ZwhxxfkGEVd7eYlgeheK5Q==',to_date('20-JUN-21','DD-MON-RR'),null,'member31@gmail.com',null,null,null,'1',to_timestamp('20-DEC-20 12.12.25.630641000 PM','DD-MON-RR HH.MI.SSXFF AM'),0);
Insert into MEMBERS (MB_ID,MB_NAME,MB_PWD,MB_SALT,MB_BD,MB_PHONE,MB_EMAIL,MB_CITY,MB_TOWN,MB_ADDRESS,MB_STATUS,CREATE_DATE,MB_POINT) values ('MEM'||LPAD(TO_CHAR(MB_SEQ.NEXTVAL), 7, '0'),'張無忌','310e1c15a336d5b63eedfb807cb8e96818e1ad03646c2467a9cab6972409f3d2','ZwhxxfkGEVd7eYlgeheK5Q==',to_date('20-FEB-46','DD-MON-RR'),null,'member32@gmail.com',null,null,null,'1',to_timestamp('20-DEC-20 12.12.25.638529000 PM','DD-MON-RR HH.MI.SSXFF AM'),0);
Insert into MEMBERS (MB_ID,MB_NAME,MB_PWD,MB_SALT,MB_BD,MB_PHONE,MB_EMAIL,MB_CITY,MB_TOWN,MB_ADDRESS,MB_STATUS,CREATE_DATE,MB_POINT) values ('MEM'||LPAD(TO_CHAR(MB_SEQ.NEXTVAL), 7, '0'),'白眉鷹王','310e1c15a336d5b63eedfb807cb8e96818e1ad03646c2467a9cab6972409f3d2','ZwhxxfkGEVd7eYlgeheK5Q==',to_date('16-JAN-23','DD-MON-RR'),null,'member33@gmail.com',null,null,null,'1',to_timestamp('20-DEC-20 12.12.25.647477000 PM','DD-MON-RR HH.MI.SSXFF AM'),0);
Insert into MEMBERS (MB_ID,MB_NAME,MB_PWD,MB_SALT,MB_BD,MB_PHONE,MB_EMAIL,MB_CITY,MB_TOWN,MB_ADDRESS,MB_STATUS,CREATE_DATE,MB_POINT) values ('MEM'||LPAD(TO_CHAR(MB_SEQ.NEXTVAL), 7, '0'),'歐陽峰','310e1c15a336d5b63eedfb807cb8e96818e1ad03646c2467a9cab6972409f3d2','ZwhxxfkGEVd7eYlgeheK5Q==',to_date('20-MAR-67','DD-MON-RR'),null,'member34@gmail.com',null,null,null,'1',to_timestamp('20-DEC-20 12.12.25.654739000 PM','DD-MON-RR HH.MI.SSXFF AM'),0);
Insert into MEMBERS (MB_ID,MB_NAME,MB_PWD,MB_SALT,MB_BD,MB_PHONE,MB_EMAIL,MB_CITY,MB_TOWN,MB_ADDRESS,MB_STATUS,CREATE_DATE,MB_POINT) values ('MEM'||LPAD(TO_CHAR(MB_SEQ.NEXTVAL), 7, '0'),'黃藥師','310e1c15a336d5b63eedfb807cb8e96818e1ad03646c2467a9cab6972409f3d2','ZwhxxfkGEVd7eYlgeheK5Q==',to_date('21-FEB-37','DD-MON-RR'),null,'member35@gmail.com',null,null,null,'1',to_timestamp('20-DEC-20 12.12.25.662948000 PM','DD-MON-RR HH.MI.SSXFF AM'),0);

--EMP_DEPT 員工部門
INSERT INTO EMP_DEPT (DEPT_NO, DEPT) VALUES ('10', '人事部門');
INSERT INTO EMP_DEPT (DEPT_NO, DEPT) VALUES ('20', '總務部門');
INSERT INTO EMP_DEPT (DEPT_NO, DEPT) VALUES ('30', '財務部門');
INSERT INTO EMP_DEPT (DEPT_NO, DEPT) VALUES ('40', '業務部門');
INSERT INTO EMP_DEPT (DEPT_NO, DEPT) VALUES ('50', '客房部門');
INSERT INTO EMP_DEPT  (DEPT_NO, DEPT) VALUES ('60', '服務部門');
INSERT INTO EMP_DEPT  (DEPT_NO, DEPT) VALUES ('70', '活動部門');
INSERT INTO EMP_DEPT  (DEPT_NO, DEPT) VALUES ('80', '餐飲部門');
INSERT INTO EMP_DEPT  (DEPT_NO, DEPT) VALUES ('90', '商城部門');

--EMP_TITLE員工職稱
INSERT INTO EMP_TITLE (TITLE_NO, TITLE) VALUES ('01', '董事長');
INSERT INTO EMP_TITLE (TITLE_NO, TITLE) VALUES ('02', '執行長');
INSERT INTO EMP_TITLE (TITLE_NO, TITLE) VALUES ('03', '總經理');
INSERT INTO EMP_TITLE (TITLE_NO, TITLE) VALUES ('04', '課長');
INSERT INTO EMP_TITLE (TITLE_NO, TITLE) VALUES ('05', '專員');
INSERT INTO EMP_TITLE (TITLE_NO, TITLE) VALUES ('06', '業務員');
INSERT INTO EMP_TITLE (TITLE_NO, TITLE) VALUES ('07', '工程師');
INSERT INTO EMP_TITLE (TITLE_NO, TITLE) VALUES ('08', '秘書');
INSERT INTO EMP_TITLE (TITLE_NO, TITLE) VALUES ('09', '會計');
INSERT INTO EMP_TITLE (TITLE_NO, TITLE) VALUES ('10', '特助');
INSERT INTO EMP_TITLE (TITLE_NO, TITLE) VALUES ('11', '總機');
INSERT INTO EMP_TITLE (TITLE_NO, TITLE) VALUES ('12', '接待');
INSERT INTO EMP_TITLE (TITLE_NO, TITLE) VALUES ('13', '房務員');

--EMPLOYEE員工
INSERT INTO EMPLOYEE (EMP_ID, EMP_NAME, EMP_PWD, EMP_EMAIL,TITLE_NO,DEPT_NO ) 
VALUES ('EMP' || LPAD(to_char(EMP_SEQ.NEXTVAL), 7, '0'), 'Nancy','123456','123@gmail.com', '05','60');
INSERT INTO EMPLOYEE (EMP_ID, EMP_NAME, EMP_PWD, EMP_EMAIL,TITLE_NO,DEPT_NO ) 
VALUES ('EMP' || LPAD(to_char(EMP_SEQ.NEXTVAL), 7, '0'), 'John','123456','yt3eh@gmail.com', '10','10');
INSERT INTO EMPLOYEE (EMP_ID, EMP_NAME, EMP_PWD, EMP_EMAIL,TITLE_NO,DEPT_NO ) 
VALUES ('EMP' || LPAD(to_char(EMP_SEQ.NEXTVAL), 7, '0'), 'April','123456','query@gmail.com', '13','50');
INSERT INTO EMPLOYEE (EMP_ID, EMP_NAME, EMP_PWD, EMP_EMAIL,TITLE_NO,DEPT_NO ) 
VALUES ('EMP' || LPAD(to_char(EMP_SEQ.NEXTVAL), 7, '0'), 'May','123456','weather@gmail.com', '13','50');
INSERT INTO EMPLOYEE (EMP_ID, EMP_NAME, EMP_PWD, EMP_EMAIL,TITLE_NO,DEPT_NO ) 
VALUES ('EMP' || LPAD(to_char(EMP_SEQ.NEXTVAL), 7, '0'), 'Eric','123456','dollar@gmail.com', '09','30');
INSERT INTO EMPLOYEE (EMP_ID, EMP_NAME, EMP_PWD, EMP_EMAIL,TITLE_NO,DEPT_NO ) 
VALUES ('EMP' || LPAD(to_char(EMP_SEQ.NEXTVAL), 7, '0'), 'Boom','123456','gang@gmail.com', '07','90');
INSERT INTO EMPLOYEE (EMP_ID, EMP_NAME, EMP_PWD, EMP_EMAIL,TITLE_NO,DEPT_NO ) 
VALUES ('EMP' || LPAD(to_char(EMP_SEQ.NEXTVAL), 7, '0'), 'Alex','123456','Alexcom@gmail.com', '06','70');
INSERT INTO EMPLOYEE (EMP_ID, EMP_NAME, EMP_PWD, EMP_EMAIL,TITLE_NO,DEPT_NO ) 
VALUES ('EMP' || LPAD(to_char(EMP_SEQ.NEXTVAL), 7, '0'), 'James','123456','Jamescom@gmail.com', '04','80');
INSERT INTO EMPLOYEE (EMP_ID, EMP_NAME, EMP_PWD, EMP_EMAIL,TITLE_NO,DEPT_NO ) 
VALUES ('EMP' || LPAD(to_char(EMP_SEQ.NEXTVAL), 7, '0'), 'Ben','123456','benben@gmail.com', '05','40');
INSERT INTO EMPLOYEE (EMP_ID, EMP_NAME, EMP_PWD, EMP_EMAIL,TITLE_NO,DEPT_NO ) 
VALUES ('EMP' || LPAD(to_char(EMP_SEQ.NEXTVAL), 7, '0'), 'Cindy','123456','Cindy09@gmail.com', '12','20');

--FUNC功能權限
INSERT INTO FUNC (FUNC_NO, FUNC_NAME) VALUES ('01', '人事資料管理');
INSERT INTO FUNC (FUNC_NO, FUNC_NAME) VALUES ('02', '會員訂單管理');
INSERT INTO FUNC (FUNC_NO, FUNC_NAME) VALUES ('03', '房務管理');
INSERT INTO FUNC (FUNC_NO, FUNC_NAME) VALUES ('04', '房間訂單管理');
INSERT INTO FUNC (FUNC_NO, FUNC_NAME) VALUES ('05', '商品管理');
INSERT INTO FUNC (FUNC_NO, FUNC_NAME) VALUES ('06', '商品訂單管理');
INSERT INTO FUNC (FUNC_NO, FUNC_NAME) VALUES ('07', '活動管理');
INSERT INTO FUNC (FUNC_NO, FUNC_NAME) VALUES ('08', '活動訂單管理');
INSERT INTO FUNC (FUNC_NO, FUNC_NAME) VALUES ('09', '服務管理');
INSERT INTO FUNC (FUNC_NO, FUNC_NAME) VALUES ('10', '服務訂單管理');
INSERT INTO FUNC (FUNC_NO, FUNC_NAME) VALUES ('11', '餐飲管理');
INSERT INTO FUNC (FUNC_NO, FUNC_NAME) VALUES ('12', '餐飲訂單管理');

--EMP_AUTH員工權限
INSERT INTO EMP_AUTH (EMP_ID, FUNC_NO) VALUES ('EMP0000001', '09');
INSERT INTO EMP_AUTH (EMP_ID, FUNC_NO) VALUES ('EMP0000002', '01');
INSERT INTO EMP_AUTH (EMP_ID, FUNC_NO) VALUES ('EMP0000003', '03');
INSERT INTO EMP_AUTH (EMP_ID, FUNC_NO) VALUES ('EMP0000004', '03');
INSERT INTO EMP_AUTH (EMP_ID, FUNC_NO) VALUES ('EMP0000005', '02');
INSERT INTO EMP_AUTH (EMP_ID, FUNC_NO) VALUES ('EMP0000006', '06');
INSERT INTO EMP_AUTH (EMP_ID, FUNC_NO) VALUES ('EMP0000007', '08');
INSERT INTO EMP_AUTH (EMP_ID, FUNC_NO) VALUES ('EMP0000008', '12');
INSERT INTO EMP_AUTH (EMP_ID, FUNC_NO) VALUES ('EMP0000009', '07');
INSERT INTO EMP_AUTH (EMP_ID, FUNC_NO) VALUES ('EMP0000010', '04');

--房型
Insert into ROOM_TYPE (RM_TYPE,TYPE_NAME,TYPE_ENG_NAME,RM_QTY,RM_PRICE,RM_CAPACITY,RM_INFO_TITLE) values ('1','標準海景房','STANDARD',5,500,6,null);
Insert into ROOM_TYPE (RM_TYPE,TYPE_NAME,TYPE_ENG_NAME,RM_QTY,RM_PRICE,RM_CAPACITY,RM_INFO_TITLE) values ('2','蜜月海景房','HONEY MOON',3,600,2,null);
Insert into ROOM_TYPE (RM_TYPE,TYPE_NAME,TYPE_ENG_NAME,RM_QTY,RM_PRICE,RM_CAPACITY,RM_INFO_TITLE) values ('3','奢華海景房','DELUXE',3,750,6,null);
Insert into ROOM_TYPE (RM_TYPE,TYPE_NAME,TYPE_ENG_NAME,RM_QTY,RM_PRICE,RM_CAPACITY,RM_INFO_TITLE) values ('9','波賽頓套房','POSEIDON',1,900,4,null);
--房間
Insert into ROOMS (RM_NO,RM_TYPE,RM_STATUS) values ('101','1','0');
Insert into ROOMS (RM_NO,RM_TYPE,RM_STATUS) values ('102','1','0');
Insert into ROOMS (RM_NO,RM_TYPE,RM_STATUS) values ('103','1','0');
Insert into ROOMS (RM_NO,RM_TYPE,RM_STATUS) values ('104','1','0');
Insert into ROOMS (RM_NO,RM_TYPE,RM_STATUS) values ('105','1','0');
Insert into ROOMS (RM_NO,RM_TYPE,RM_STATUS) values ('201','2','0');
Insert into ROOMS (RM_NO,RM_TYPE,RM_STATUS) values ('202','2','0');
Insert into ROOMS (RM_NO,RM_TYPE,RM_STATUS) values ('203','2','0');
Insert into ROOMS (RM_NO,RM_TYPE,RM_STATUS) values ('301','3','0');
Insert into ROOMS (RM_NO,RM_TYPE,RM_STATUS) values ('302','3','0');
Insert into ROOMS (RM_NO,RM_TYPE,RM_STATUS) values ('303','3','0');
Insert into ROOMS (RM_NO,RM_TYPE,RM_STATUS) values ('999','9','0');

--CHOPPERS 直升機
INSERT INTO CHOPPERS (CHOP_NO, CHOP_NAME) VALUES ('01', 'HAWK');


--會員付款資訊
Insert into PAYMENT (PAY_NO,MB_ID,CARD_NO,CARD_NAME,EXP_MON,EXP_YEAR,CSC) values ('CRDT' || LPAD(to_char(PAYNO_SEQ.NEXTVAL), 6, '0'),'MEM0000001','0000000000000001','YuaMikami','03','23','735');
Insert into PAYMENT (PAY_NO,MB_ID,CARD_NO,CARD_NAME,EXP_MON,EXP_YEAR,CSC) values ('CRDT' || LPAD(to_char(PAYNO_SEQ.NEXTVAL), 6, '0'),'MEM0000001','0000000000000002','YuaMikami','01','22','465');

    -----------------------------------------------------------------------
    --商品訂單
    INSERT INTO SHOP_ORDER
    (SP_ODNO, MB_ID, TOTAL_PRICE, POINTS_TOTAL, RM_NO)
    VALUES ('SPOD' || LPAD(to_char(SHOPODNO_SEQ.NEXTVAL), 11, '0'), 'MEM0000001', 18300, 300, '101');
    
    INSERT INTO SHOP_ORDER
    (SP_ODNO, MB_ID, TOTAL_PRICE, POINTS_TOTAL, RM_NO)
    VALUES ('SPOD' || LPAD(to_char(SHOPODNO_SEQ.NEXTVAL), 11, '0'), 'MEM0000001', 10000, 200, '102');
    
    INSERT INTO SHOP_ORDER
    (SP_ODNO, MB_ID, TOTAL_PRICE, POINTS_TOTAL, RM_NO)
    VALUES ('SPOD' || LPAD(to_char(SHOPODNO_SEQ.NEXTVAL), 11, '0'), 'MEM0000002', 20000, 200, '103');
    
    INSERT INTO SHOP_ORDER
    (SP_ODNO, MB_ID, TOTAL_PRICE, POINTS_TOTAL, RM_NO)
    VALUES ('SPOD' || LPAD(to_char(SHOPODNO_SEQ.NEXTVAL), 11, '0'), 'MEM0000003', 15000, 200, '104');
    -----------------------------------------------------------------------
    --商品類別
    INSERT INTO ITEM_TYPE
    (ITEM_TYPE_NO, TYPE_NAME)
    VALUES ('10', '旅行箱');
    
    INSERT INTO ITEM_TYPE
    (ITEM_TYPE_NO, TYPE_NAME)
    VALUES ('11', '皮件');
    
    INSERT INTO ITEM_TYPE
    (ITEM_TYPE_NO, TYPE_NAME)
    VALUES ('12', '香水');
    
    INSERT INTO ITEM_TYPE
    (ITEM_TYPE_NO, TYPE_NAME)
    VALUES ('13', '巧克力');
    
    INSERT INTO ITEM_TYPE
    (ITEM_TYPE_NO, TYPE_NAME)
    VALUES ('14', '酒類');
    
    INSERT INTO ITEM_TYPE
    (ITEM_TYPE_NO, TYPE_NAME)
    VALUES ('15', '伴手禮');
    
    INSERT INTO ITEM_TYPE
    (ITEM_TYPE_NO, TYPE_NAME)
    VALUES ('16', '錶類');
    -----------------------------------------------------------------------
    --商品
    INSERT INTO ITEM
	(ITEM_NO, ITEM_NAME, ITEM_TYPE_NO, ITEM_PRICE, POINTS) 
	VALUES ('I'||LPAD(to_char(ITEM_SEQ.NEXTVAL), 4, '0'), 'CHANEL N5', '12', 5680, 50);
    
    INSERT INTO ITEM
	(ITEM_NO, ITEM_NAME, ITEM_TYPE_NO, ITEM_PRICE, POINTS) 
	VALUES ('I'||LPAD(to_char(ITEM_SEQ.NEXTVAL), 4, '0'), 'VERSCE EAU FRAICHE', '12', 1880 , 20);
    
    INSERT INTO ITEM
	(ITEM_NO, ITEM_NAME, ITEM_TYPE_NO, ITEM_PRICE, POINTS) 
	VALUES ('I'||LPAD(to_char(ITEM_SEQ.NEXTVAL), 4, '0'), 'TERRE D''HERMES EAU INTENSE VETIVER', '12',3880, 40);
    
    INSERT INTO ITEM
	(ITEM_NO, ITEM_NAME, ITEM_TYPE_NO, ITEM_PRICE, POINTS) 
	VALUES ('I'||LPAD(to_char(ITEM_SEQ.NEXTVAL), 4, '0'), 'CHANEL MADEMOISELLE', '12', 5780, 50);
    
    INSERT INTO ITEM
	(ITEM_NO, ITEM_NAME, ITEM_TYPE_NO, ITEM_PRICE, POINTS) 
	VALUES ('I'||LPAD(to_char(ITEM_SEQ.NEXTVAL), 4, '0'), 'RIMOWA Original Cabin S 登機箱', '10',38980, 400);
    
    INSERT INTO ITEM
	(ITEM_NO, ITEM_NAME, ITEM_TYPE_NO, ITEM_PRICE, POINTS) 
	VALUES ('I'||LPAD(to_char(ITEM_SEQ.NEXTVAL), 4, '0'), 'MONCLER X RIMOWA', '10',105310, 1000);
    
    INSERT INTO ITEM
	(ITEM_NO, ITEM_NAME, ITEM_TYPE_NO, ITEM_PRICE, POINTS) 
	VALUES ('I'||LPAD(to_char(ITEM_SEQ.NEXTVAL), 4, '0'), 'SAMSONITE Aspero紅色20吋四輪登機箱', '10',11980, 100);
    
    INSERT INTO ITEM
	(ITEM_NO, ITEM_NAME, ITEM_TYPE_NO, ITEM_PRICE, POINTS) 
	VALUES ('I'||LPAD(to_char(ITEM_SEQ.NEXTVAL), 4, '0'), '三得利單一純麥山崎 白州18年', '14',3880, 40);
    
    INSERT INTO ITEM
	(ITEM_NO, ITEM_NAME, ITEM_TYPE_NO, ITEM_PRICE, POINTS) 
	VALUES ('I'||LPAD(to_char(ITEM_SEQ.NEXTVAL), 4, '0'), '三得利單一純麥山崎 白州25年', '14',39800, 400);
    
    INSERT INTO ITEM
	(ITEM_NO, ITEM_NAME, ITEM_TYPE_NO, ITEM_PRICE, POINTS) 
	VALUES ('I'||LPAD(to_char(ITEM_SEQ.NEXTVAL), 4, '0'), 'MAUNALOA', '15',880, 8);
    
    INSERT INTO ITEM
	(ITEM_NO, ITEM_NAME, ITEM_TYPE_NO, ITEM_PRICE, POINTS) 
	VALUES ('I'||LPAD(to_char(ITEM_SEQ.NEXTVAL), 4, '0'), 'Hawaiian Host マカデミアナッツチョコレート TIKI', '15',980 , 10);
    
    INSERT INTO ITEM
	(ITEM_NO, ITEM_NAME, ITEM_TYPE_NO, ITEM_PRICE, POINTS) 
	VALUES ('I'||LPAD(to_char(ITEM_SEQ.NEXTVAL), 4, '0'), 'Honolulu Cookie Company HOLIDAY COOKIES AND COFFEE SET', '15', 780, 8);
    
    INSERT INTO ITEM
	(ITEM_NO, ITEM_NAME, ITEM_TYPE_NO, ITEM_PRICE, POINTS) 
	VALUES ('I'||LPAD(to_char(ITEM_SEQ.NEXTVAL), 4, '0'), 'Big Island Candies Large Grand Basket', '15',2880, 30);
    -----------------------------------------------------------------------
--商品照片
    INSERT INTO ITEM_PICS
    (ITEM_PIC_NO, ITEM_NO)
    VALUES ('P'||LPAD(to_char(ITEMPIC_SEQ.NEXTVAL), 4, '0'), 'I0003');
    
    INSERT INTO ITEM_PICS
    (ITEM_PIC_NO, ITEM_NO)
    VALUES ('P'||LPAD(to_char(ITEMPIC_SEQ.NEXTVAL), 4, '0'), 'I0002');
    
    
    -----------------------------------------------------------------------
    --商品訂單細項
    INSERT INTO SHOP_ORDER_DETAIL
    (SP_ODNO,ITEM_NO,QTY,SALE_DISCOUNT,ITEM_PRICE,POINTS) 
    VALUES ('SPOD00000000001', 'I0001', 2, 1, 5680, 0);
    
    INSERT INTO SHOP_ORDER_DETAIL
    (SP_ODNO,ITEM_NO,QTY,SALE_DISCOUNT,ITEM_PRICE,POINTS) 
    VALUES ('SPOD00000000001', 'I0003', 2, 1, 3880, 0);
    
    INSERT INTO SHOP_ORDER_DETAIL
    (SP_ODNO,ITEM_NO,QTY,SALE_DISCOUNT,ITEM_PRICE,POINTS) 
    VALUES ('SPOD00000000002', 'I0010', 10, 1, 880, 0);
    -----------------------------------------------------------------------
    --促銷活動
	INSERT INTO SALE_EVENT 
    (SALE_NO) 
    VALUES (to_char(SYSDATE, 'YYYYMMDD')||LPAD(to_char(SALE_SEQ.NEXTVAL), 2, '0'));
    
    INSERT INTO SALE_EVENT 
    (SALE_NO) 
    VALUES (to_char(SYSDATE, 'YYYYMMDD')||LPAD(to_char(SALE_SEQ.NEXTVAL), 2, '0'));
    -----------------------------------------------------------------------
    --促銷細項
    INSERT INTO 
    SALE_EVENT_LIST (SALE_NO, ITEM_NO, SALE_DISCOUNT) 
    VALUES (to_char(SYSDATE, 'YYYYMMDD') || '01', 'I0004', 0.9);  
    
    INSERT INTO 
    SALE_EVENT_LIST (SALE_NO, ITEM_NO, SALE_DISCOUNT) 
    VALUES (to_char(SYSDATE, 'YYYYMMDD') || '01', 'I0002', 0.9); 
    
    INSERT INTO 
    SALE_EVENT_LIST (SALE_NO, ITEM_NO, SALE_DISCOUNT) 
    VALUES (to_char(SYSDATE, 'YYYYMMDD') || '02', 'I0003', 0.9); 
   
   ----------------------------------------------------------------------- 

--MEAL_TYPE 餐點類型
INSERT INTO MEAL_TYPE (MEAL_TYPE_NO, TYPE_NAME) VALUES ('TYP01', '套餐');
INSERT INTO MEAL_TYPE (MEAL_TYPE_NO, TYPE_NAME) VALUES ('TYP02', '義大利麵');
INSERT INTO MEAL_TYPE (MEAL_TYPE_NO, TYPE_NAME) VALUES ('TYP03', '牛排');
INSERT INTO MEAL_TYPE (MEAL_TYPE_NO, TYPE_NAME) VALUES ('TYP04', '飲品');

--MEAL 餐點
INSERT INTO MEAL (MEAL_NO, MEAL_TYPE_NO, MEAL_NAME, PRICE, MEAL_INFO, MAKING_TIME)
VALUES ('M' || LPAD(to_char(MEALNO_SEQ.NEXTVAL), 4, '0'), 'TYP01', '超划算套餐', 999, '真的划算', 15);
INSERT INTO MEAL (MEAL_NO, MEAL_TYPE_NO, MEAL_NAME, PRICE, MEAL_INFO, MAKING_TIME)
VALUES ('M' || LPAD(to_char(MEALNO_SEQ.NEXTVAL), 4, '0'), 'TYP01', '超便宜套餐', 999, '真的便宜', 20);
INSERT INTO MEAL (MEAL_NO, MEAL_TYPE_NO, MEAL_NAME, PRICE, MEAL_INFO, MAKING_TIME)
VALUES ('M' || LPAD(to_char(MEALNO_SEQ.NEXTVAL), 4, '0'), 'TYP02', '超好吃義大利麵', 999, '真的好吃', 15);
INSERT INTO MEAL (MEAL_NO, MEAL_TYPE_NO, MEAL_NAME, PRICE, MEAL_INFO, MAKING_TIME)
VALUES ('M' || LPAD(to_char(MEALNO_SEQ.NEXTVAL), 4, '0'), 'TYP02', '超香義大利麵', 999, '真的好好吃', 20);
INSERT INTO MEAL (MEAL_NO, MEAL_TYPE_NO, MEAL_NAME, PRICE, MEAL_INFO, MAKING_TIME)
VALUES ('M' || LPAD(to_char(MEALNO_SEQ.NEXTVAL), 4, '0'), 'TYP03', '超好吃牛排', 999, '真的好牛', 15);
INSERT INTO MEAL (MEAL_NO, MEAL_TYPE_NO, MEAL_NAME, PRICE, MEAL_INFO, MAKING_TIME)
VALUES ('M' || LPAD(to_char(MEALNO_SEQ.NEXTVAL), 4, '0'), 'TYP03', '超香牛排', 999, '真的很牛', 20);
INSERT INTO MEAL (MEAL_NO, MEAL_TYPE_NO, MEAL_NAME, PRICE, MEAL_INFO, MAKING_TIME)
VALUES ('M' || LPAD(to_char(MEALNO_SEQ.NEXTVAL), 4, '0'), 'TYP04', '心痛的感覺', 999, '真的心痛', 99);
INSERT INTO MEAL (MEAL_NO, MEAL_TYPE_NO, MEAL_NAME, PRICE, MEAL_INFO, MAKING_TIME)
VALUES ('M' || LPAD(to_char(MEALNO_SEQ.NEXTVAL), 4, '0'), 'TYP04', '心碎的感覺', 999, '真的心碎', 99);

--MEAL_ORDER 餐點訂單
INSERT INTO MEAL_ORDER (MEAL_ODNO, MB_ID, RM_NO, TOTAL_PRICE) 
VALUES ('MEALOD' || LPAD(to_char(MEALODNO_SEQ.NEXTVAL), 4, '0'), 'MEM0000001', '101', 999999999);
INSERT INTO MEAL_ORDER (MEAL_ODNO, MB_ID, RM_NO, TOTAL_PRICE) 
VALUES ('MEALOD' || LPAD(to_char(MEALODNO_SEQ.NEXTVAL), 4, '0'), 'MEM0000002', '102', 999999999);
INSERT INTO MEAL_ORDER (MEAL_ODNO, MB_ID, RM_NO, TOTAL_PRICE) 
VALUES ('MEALOD' || LPAD(to_char(MEALODNO_SEQ.NEXTVAL), 4, '0'), 'MEM0000003', '103', 999999999);
INSERT INTO MEAL_ORDER (MEAL_ODNO, MB_ID, RM_NO, TOTAL_PRICE) 
VALUES ('MEALOD' || LPAD(to_char(MEALODNO_SEQ.NEXTVAL), 4, '0'), 'MEM0000004', '104', 999999999);
INSERT INTO MEAL_ORDER (MEAL_ODNO, MB_ID, RM_NO, TOTAL_PRICE) 
VALUES ('MEALOD' || LPAD(to_char(MEALODNO_SEQ.NEXTVAL), 4, '0'), 'MEM0000005', '105', 999999999);
INSERT INTO MEAL_ORDER (MEAL_ODNO, MB_ID, RM_NO, TOTAL_PRICE) 
VALUES ('MEALOD' || LPAD(to_char(MEALODNO_SEQ.NEXTVAL), 4, '0'), 'MEM0000006', '201', 999999999);
INSERT INTO MEAL_ORDER (MEAL_ODNO, MB_ID, RM_NO, TOTAL_PRICE) 
VALUES ('MEALOD' || LPAD(to_char(MEALODNO_SEQ.NEXTVAL), 4, '0'), 'MEM0000007', '202', 999999999);
INSERT INTO MEAL_ORDER (MEAL_ODNO, MB_ID, RM_NO, TOTAL_PRICE) 
VALUES ('MEALOD' || LPAD(to_char(MEALODNO_SEQ.NEXTVAL), 4, '0'), 'MEM0000008', '301', 999999999);
INSERT INTO MEAL_ORDER (MEAL_ODNO, MB_ID, RM_NO, TOTAL_PRICE) 
VALUES ('MEALOD' || LPAD(to_char(MEALODNO_SEQ.NEXTVAL), 4, '0'), 'MEM0000009', '302', 999999999);
INSERT INTO MEAL_ORDER (MEAL_ODNO, MB_ID, RM_NO, TOTAL_PRICE) 
VALUES ('MEALOD' || LPAD(to_char(MEALODNO_SEQ.NEXTVAL), 4, '0'), 'MEM0000010', '999', 999999999);

--MEAL_ORDER_DETAIL 餐點訂單細項
INSERT INTO MEAL_ORDER_DETAIL (MEAL_ODNO, MEAL_NO, PRICE, QTY) VALUES ('MEALOD0001', 'M0001', 100000, 1);
INSERT INTO MEAL_ORDER_DETAIL (MEAL_ODNO, MEAL_NO, PRICE, QTY) VALUES ('MEALOD0002', 'M0002', 100000, 2);
INSERT INTO MEAL_ORDER_DETAIL (MEAL_ODNO, MEAL_NO, PRICE, QTY) VALUES ('MEALOD0003', 'M0003', 100000, 3);
INSERT INTO MEAL_ORDER_DETAIL (MEAL_ODNO, MEAL_NO, PRICE, QTY) VALUES ('MEALOD0004', 'M0004', 100000, 4);
INSERT INTO MEAL_ORDER_DETAIL (MEAL_ODNO, MEAL_NO, PRICE, QTY) VALUES ('MEALOD0005', 'M0005', 100000, 5);
INSERT INTO MEAL_ORDER_DETAIL (MEAL_ODNO, MEAL_NO, PRICE, QTY) VALUES ('MEALOD0006', 'M0006', 100000, 6);
INSERT INTO MEAL_ORDER_DETAIL (MEAL_ODNO, MEAL_NO, PRICE, QTY) VALUES ('MEALOD0007', 'M0007', 999999, 10);
INSERT INTO MEAL_ORDER_DETAIL (MEAL_ODNO, MEAL_NO, PRICE, QTY) VALUES ('MEALOD0008', 'M0008', 999999, 10);
INSERT INTO MEAL_ORDER_DETAIL (MEAL_ODNO, MEAL_NO, PRICE, QTY) VALUES ('MEALOD0009', 'M0007', 999999, 10);
INSERT INTO MEAL_ORDER_DETAIL (MEAL_ODNO, MEAL_NO, PRICE, QTY) VALUES ('MEALOD0010', 'M0008', 999999, 10);

--------------------------------------------------------------------------------------------------------------------------
--活動類型
INSERT INTO ACT_TYPE VALUES ('0','陸上活動');
INSERT INTO ACT_TYPE VALUES ('1','海上活動');
INSERT INTO ACT_TYPE VALUES ('2','特別活動');
-------------------------------------------------------------
--活動項目
INSERT INTO ACT_EVENT(ACT_EVENT_NO,ACT_TYPE_NO,ACT_EVENT_NAME)
VALUES('10','0','沙灘車');
INSERT INTO ACT_EVENT(ACT_EVENT_NO,ACT_TYPE_NO,ACT_EVENT_NAME)
VALUES('20','0','射箭');
INSERT INTO ACT_EVENT(ACT_EVENT_NO,ACT_TYPE_NO,ACT_EVENT_NAME)
VALUES('30','0','燈會');
INSERT INTO ACT_EVENT(ACT_EVENT_NO,ACT_TYPE_NO,ACT_EVENT_NAME)
VALUES('40','1','衝浪');
INSERT INTO ACT_EVENT(ACT_EVENT_NO,ACT_TYPE_NO,ACT_EVENT_NAME)
VALUES('50','1','浮潛');
INSERT INTO ACT_EVENT(ACT_EVENT_NO,ACT_TYPE_NO,ACT_EVENT_NAME)
VALUES('60','1','賞鯨');
INSERT INTO ACT_EVENT(ACT_EVENT_NO,ACT_TYPE_NO,ACT_EVENT_NAME)
VALUES('70','2','BBQ');
INSERT INTO ACT_EVENT(ACT_EVENT_NO,ACT_TYPE_NO,ACT_EVENT_NAME)
VALUES('80','2','深潛');
INSERT INTO ACT_EVENT(ACT_EVENT_NO,ACT_TYPE_NO,ACT_EVENT_NAME)
VALUES('90','2','狩獵');
-------------------------------------------------------------
--活動項目照片
INSERT INTO ACT_PIC(ACT_PIC_NO,ACT_EVENT_NO)
VALUES(LPAD(to_char(ACTPIC_SEQ.NEXTVAL), 5, '0'),'10');
INSERT INTO ACT_PIC(ACT_PIC_NO,ACT_EVENT_NO)
VALUES(LPAD(to_char(ACTPIC_SEQ.NEXTVAL), 5, '0'),'20');
INSERT INTO ACT_PIC(ACT_PIC_NO,ACT_EVENT_NO)
VALUES(LPAD(to_char(ACTPIC_SEQ.NEXTVAL), 5, '0'),'20');
INSERT INTO ACT_PIC(ACT_PIC_NO,ACT_EVENT_NO)
VALUES(LPAD(to_char(ACTPIC_SEQ.NEXTVAL), 5, '0'),'30');
INSERT INTO ACT_PIC(ACT_PIC_NO,ACT_EVENT_NO)
VALUES(LPAD(to_char(ACTPIC_SEQ.NEXTVAL), 5, '0'),'40');
INSERT INTO ACT_PIC(ACT_PIC_NO,ACT_EVENT_NO)
VALUES(LPAD(to_char(ACTPIC_SEQ.NEXTVAL), 5, '0'),'50');
INSERT INTO ACT_PIC(ACT_PIC_NO,ACT_EVENT_NO)
VALUES(LPAD(to_char(ACTPIC_SEQ.NEXTVAL), 5, '0'),'60');
INSERT INTO ACT_PIC(ACT_PIC_NO,ACT_EVENT_NO)
VALUES(LPAD(to_char(ACTPIC_SEQ.NEXTVAL), 5, '0'),'70');
INSERT INTO ACT_PIC(ACT_PIC_NO,ACT_EVENT_NO)
VALUES(LPAD(to_char(ACTPIC_SEQ.NEXTVAL), 5, '0'),'80');
-------------------------------------------------------------
--活動計畫
    
INSERT INTO ACT VALUES('ACT' || LPAD(to_char(ACTNO_SEQ.NEXTVAL), 7, '0'),'10','馳騁沙灣','2',TO_DATE('2020-09-28','YYYY-MM-DD'),
TO_DATE('2020-10-03','YYYY-MM-DD'),TO_DATE('2020-10-05','YYYY-MM-DD'),'1400','高文',4000);
INSERT INTO ACT VALUES('ACT' || LPAD(to_char(ACTNO_SEQ.NEXTVAL), 7, '0'),'20','暢遊大海','0',TO_DATE('2020-11-30','YYYY-MM-DD'),
TO_DATE('2020-12-04','YYYY-MM-DD'),TO_DATE('2020-12-06','YYYY-MM-DD'),'1500','安格斯牛',2000);
INSERT INTO ACT VALUES('ACT' || LPAD(to_char(ACTNO_SEQ.NEXTVAL), 7, '0'),'30','百步穿楊','2',TO_DATE('2020-11-28','YYYY-MM-DD'),
TO_DATE('2020-12-05','YYYY-MM-DD'),TO_DATE('2020-12-08','YYYY-MM-DD'),'1000','阿姆斯壯',5000);
INSERT INTO ACT VALUES('ACT' || LPAD(to_char(ACTNO_SEQ.NEXTVAL), 7, '0'),'40','狩獵侏儸紀','1',TO_DATE('2020-11-24','YYYY-MM-DD'),
TO_DATE('2020-12-17','YYYY-MM-DD'),TO_DATE('2020-12-19','YYYY-MM-DD'),'0900','亞歷山大',500000);
INSERT INTO ACT VALUES('ACT' || LPAD(to_char(ACTNO_SEQ.NEXTVAL), 7, '0'),'50','水世界','2',TO_DATE('2020-11-16','YYYY-MM-DD'),
TO_DATE('2020-11-20','YYYY-MM-DD'),TO_DATE('2020-11-23','YYYY-MM-DD'),'1000','阿德勒',1500);
INSERT INTO ACT VALUES('ACT' || LPAD(to_char(ACTNO_SEQ.NEXTVAL), 7, '0'),'60','蠻荒BBQ','1',TO_DATE('2020-12-07','YYYY-MM-DD'),
TO_DATE('2020-12-18','YYYY-MM-DD'),TO_DATE('2020-12-20','YYYY-MM-DD'),'1100','洛哈',100000);
INSERT INTO ACT VALUES('ACT' || LPAD(to_char(ACTNO_SEQ.NEXTVAL), 7, '0'),'70','深海巡禮','2',TO_DATE('2020-08-31','YYYY-MM-DD'),
TO_DATE('2020-09-12','YYYY-MM-DD'),TO_DATE('2020-09-16','YYYY-MM-DD'),'1300','蘭斯洛特',250000);
INSERT INTO ACT VALUES('ACT' || LPAD(to_char(ACTNO_SEQ.NEXTVAL), 7, '0'),'80','與鯨共舞','1',TO_DATE('2020-12-01','YYYY-MM-DD'),
TO_DATE('2020-12-17','YYYY-MM-DD'),TO_DATE('2020-12-19','YYYY-MM-DD'),'1400','David',12000);
INSERT INTO ACT VALUES('ACT' || LPAD(to_char(ACTNO_SEQ.NEXTVAL), 7, '0'),'90','狩獵侏儸紀','0',TO_DATE('2020-11-26','YYYY-MM-DD'),
TO_DATE('2020-12-07','YYYY-MM-DD'),TO_DATE('2020-12-10','YYYY-MM-DD'),'1000','亞瑟',500000);
INSERT INTO ACT VALUES('ACT' || LPAD(to_char(ACTNO_SEQ.NEXTVAL), 7, '0'),'90','行燈夜會','0',TO_DATE('2020-11-30','YYYY-MM-DD'),
TO_DATE('2020-12-08','YYYY-MM-DD'),TO_DATE('2020-12-11','YYYY-MM-DD'),'2000','竈門',3500);
--------------------------------------------------------------------------
--活動訂單
    
INSERT INTO ACT_ORDER VALUES('ACTOD' || LPAD(to_char(ACTODNO_SEQ.NEXTVAL), 10, '0'),'ACT0000006','MEM0000001',
TO_TIMESTAMP('2020-08-31 10:43:59','YYYY/MM/DD HH24:MI:SS'),'2',2,500000);
INSERT INTO ACT_ORDER VALUES('ACTOD' || LPAD(to_char(ACTODNO_SEQ.NEXTVAL), 10, '0'),'ACT0000001','MEM0000002',
TO_TIMESTAMP('2020-10-01 13:15:27','YYYY/MM/DD HH24:MI:SS'),'1',2,8000);
INSERT INTO ACT_ORDER VALUES('ACTOD' || LPAD(to_char(ACTODNO_SEQ.NEXTVAL), 10, '0'),'ACT0000005','MEM0000003',
TO_TIMESTAMP('2020-11-19 19:21:33','YYYY/MM/DD HH24:MI:SS'),'1',3,4500);
INSERT INTO ACT_ORDER VALUES('ACTOD' || LPAD(to_char(ACTODNO_SEQ.NEXTVAL), 10, '0'),'ACT0000004','MEM0000004',
TO_TIMESTAMP('2020-11-29 12:44:27','YYYY/MM/DD HH24:MI:SS'),'0',2,1000000);
INSERT INTO ACT_ORDER VALUES('ACTOD' || LPAD(to_char(ACTODNO_SEQ.NEXTVAL), 10, '0'),'ACT0000003','MEM0000005',
TO_TIMESTAMP('2020-11-29 20:05:16','YYYY/MM/DD HH24:MI:SS'),'0',1,5000);
INSERT INTO ACT_ORDER VALUES('ACTOD' || LPAD(to_char(ACTODNO_SEQ.NEXTVAL), 10, '0'),'ACT0000009','MEM0000006',
TO_TIMESTAMP('2020-11-30 12:28:47','YYYY/MM/DD HH24:MI:SS'),'0',3,1500000);
INSERT INTO ACT_ORDER VALUES('ACTOD' || LPAD(to_char(ACTODNO_SEQ.NEXTVAL), 10, '0'),'ACT0000002','MEM0000007',
TO_TIMESTAMP('2020-12-02 08:45:41','YYYY/MM/DD HH24:MI:SS'),'2',4,8000);
INSERT INTO ACT_ORDER VALUES('ACTOD' || LPAD(to_char(ACTODNO_SEQ.NEXTVAL), 10, '0'),'ACT0000008','MEM0000008',
TO_TIMESTAMP('2020-12-03 16:04:29','YYYY/MM/DD HH24:MI:SS'),'1',2,24000);
INSERT INTO ACT_ORDER VALUES('ACTOD' || LPAD(to_char(ACTODNO_SEQ.NEXTVAL), 10, '0'),'ACT0000010','MEM0000009',
TO_TIMESTAMP('2020-12-06 14:52:46','YYYY/MM/DD HH24:MI:SS'),'1',1,3500);
INSERT INTO ACT_ORDER VALUES('ACTOD' || LPAD(to_char(ACTODNO_SEQ.NEXTVAL), 10, '0'),'ACT0000006','MEM0000010',
TO_TIMESTAMP('2020-12-12 11:36:07','YYYY/MM/DD HH24:MI:SS'),'0',2,200000);

--服務類型
INSERT INTO SERVICE_TYPE (SERV_TYPE_NO, SERV_TYPE_NAME) VALUES ('1', '美容美體');
INSERT INTO SERVICE_TYPE (SERV_TYPE_NO, SERV_TYPE_NAME) VALUES ('2', '房務清潔');


--服務項目
INSERT INTO SERVICES (SERV_NO, SERV_TYPE_NO, SERV_STATUS, SERV_PRICE, SERV_NAME, SERV_DURA, SERV_PPL) VALUES ('001','1','1',3500,'全身按摩',2,30);
INSERT INTO SERVICES (SERV_NO, SERV_TYPE_NO, SERV_STATUS, SERV_PRICE, SERV_NAME, SERV_DURA, SERV_PPL) VALUES ('002','1','1',2500,'臉部護理',1,20);
INSERT INTO SERVICES (SERV_NO, SERV_TYPE_NO, SERV_STATUS, SERV_PRICE, SERV_NAME, SERV_DURA, SERV_PPL) VALUES ('003','1','1',2400,'足部按摩',1,15);
INSERT INTO SERVICES (SERV_NO, SERV_TYPE_NO, SERV_STATUS, SERV_PRICE, SERV_NAME, SERV_DURA, SERV_PPL) VALUES ('004','2','1',800,'客房清潔',2,40);
INSERT INTO SERVICES (SERV_NO, SERV_TYPE_NO, SERV_STATUS, SERV_PRICE, SERV_NAME, SERV_DURA, SERV_PPL) VALUES ('005','2','1',1500,'客房備品補充',1,15);
INSERT INTO SERVICES (SERV_NO, SERV_TYPE_NO, SERV_STATUS, SERV_PRICE, SERV_NAME, SERV_DURA, SERV_PPL) VALUES ('006','2','1',1000,'衣物洗淨',3,15);




--服務時段表
INSERT INTO TIME_TABLE (SERV_PERIOD, SERV_NO, MAX_SERV_PPL) VALUES (1, '001', 9);
INSERT INTO TIME_TABLE (SERV_PERIOD, SERV_NO, MAX_SERV_PPL) VALUES (2, '001', 9);
INSERT INTO TIME_TABLE (SERV_PERIOD, SERV_NO, MAX_SERV_PPL) VALUES (3, '001', 7);
INSERT INTO TIME_TABLE (SERV_PERIOD, SERV_NO, MAX_SERV_PPL) VALUES (4, '001', 7);
INSERT INTO TIME_TABLE (SERV_PERIOD, SERV_NO, MAX_SERV_PPL) VALUES (1, '002', 9);
INSERT INTO TIME_TABLE (SERV_PERIOD, SERV_NO, MAX_SERV_PPL) VALUES (2, '002', 9);
INSERT INTO TIME_TABLE (SERV_PERIOD, SERV_NO, MAX_SERV_PPL) VALUES (3, '002', 7);
INSERT INTO TIME_TABLE (SERV_PERIOD, SERV_NO, MAX_SERV_PPL) VALUES (4, '002', 7);
INSERT INTO TIME_TABLE (SERV_PERIOD, SERV_NO, MAX_SERV_PPL) VALUES (1, '003', 9);
INSERT INTO TIME_TABLE (SERV_PERIOD, SERV_NO, MAX_SERV_PPL) VALUES (2, '003', 9);
INSERT INTO TIME_TABLE (SERV_PERIOD, SERV_NO, MAX_SERV_PPL) VALUES (3, '003', 7);
INSERT INTO TIME_TABLE (SERV_PERIOD, SERV_NO, MAX_SERV_PPL) VALUES (4, '003', 7);
INSERT INTO TIME_TABLE (SERV_PERIOD, SERV_NO, MAX_SERV_PPL) VALUES (1, '004', 9);
INSERT INTO TIME_TABLE (SERV_PERIOD, SERV_NO, MAX_SERV_PPL) VALUES (2, '004', 9);
INSERT INTO TIME_TABLE (SERV_PERIOD, SERV_NO, MAX_SERV_PPL) VALUES (3, '004', 8);
INSERT INTO TIME_TABLE (SERV_PERIOD, SERV_NO, MAX_SERV_PPL) VALUES (4, '004', 8);
INSERT INTO TIME_TABLE (SERV_PERIOD, SERV_NO, MAX_SERV_PPL) VALUES (1, '005', 9);
INSERT INTO TIME_TABLE (SERV_PERIOD, SERV_NO, MAX_SERV_PPL) VALUES (2, '005', 9);
INSERT INTO TIME_TABLE (SERV_PERIOD, SERV_NO, MAX_SERV_PPL) VALUES (3, '005', 8);
INSERT INTO TIME_TABLE (SERV_PERIOD, SERV_NO, MAX_SERV_PPL) VALUES (4, '005', 8);
INSERT INTO TIME_TABLE (SERV_PERIOD, SERV_NO, MAX_SERV_PPL) VALUES (1, '006', 9);
INSERT INTO TIME_TABLE (SERV_PERIOD, SERV_NO, MAX_SERV_PPL) VALUES (2, '006', 9);
INSERT INTO TIME_TABLE (SERV_PERIOD, SERV_NO, MAX_SERV_PPL) VALUES (3, '006', 8);
INSERT INTO TIME_TABLE (SERV_PERIOD, SERV_NO, MAX_SERV_PPL) VALUES (4, '006', 8);

--服務訂單
INSERT INTO SERVICE_ORDER (SERV_ODNO, MB_ID, OD_STATUS, RM_NO, SERV_NO, SERV_TIME, SERV_COUNT, TOTAL_PRICE) VALUES ('SERV' || LPAD(to_char(SERVODNO_SEQ.NEXTVAL), 6, '0'), 'MEM0000001', '0', '101', '001', TO_DATE('2020-12-25','yyyy-MM-dd'), 2, 7000);
INSERT INTO SERVICE_ORDER (SERV_ODNO, MB_ID, OD_STATUS, RM_NO, SERV_NO, SERV_TIME, SERV_COUNT, TOTAL_PRICE) VALUES ('SERV' || LPAD(to_char(SERVODNO_SEQ.NEXTVAL), 6, '0'), 'MEM0000010', '1', '301', '002', TO_DATE('2020-12-28','yyyy-MM-dd'), 3, 7500);
INSERT INTO SERVICE_ORDER (SERV_ODNO, MB_ID, OD_STATUS, RM_NO, SERV_NO, SERV_TIME, SERV_COUNT, TOTAL_PRICE) VALUES ('SERV' || LPAD(to_char(SERVODNO_SEQ.NEXTVAL), 6, '0'), 'MEM0000005', '2', '999','003', TO_DATE('2020-12-29','yyyy-MM-dd'), 5, 12000);
commit;